agency,year,field_requests,p50_hours,p90_hours,share_open_in_file
311,2019,2564,47.72847222222222,233.18830555555547,0.0327613104524181
311,2020,1938,19.31277777777778,141.47194444444443,0.019091847265221878
311,2021,1147,42.155277777777776,281.34844444444445,0.026155187445510025
311,2022,3640,30.096805555555555,119.0478611111111,0.010439560439560439
311,2023,5793,17.177083333333336,100.2951388888889,0.20628344553771794
311,2024,2826,17.68722222222222,69.81905555555555,0.028662420382165606
311,2025,1557,23.328333333333333,89.51736111111111,0.0224791265253693
Clerk & Recorder,2019,1323,0.3929166666666667,8.02513888888889,0.2773998488284203
Clerk & Recorder,2020,2761,0.3388888888888889,20.988055555555555,0.010865628395508874
Clerk & Recorder,2021,1375,0.8343055555555555,24.70672222222224,0.0007272727272727272
Clerk & Recorder,2022,1024,1.9830555555555556,2172.868750000008,0.005859375
Clerk & Recorder,2023,552,0.3745833333333333,66.33319444444444,0.010869565217391304
Community Planning & Development,2019,20252,76.8338888888889,795.0731944444444,0.05411811179142801
Community Planning & Development,2020,14582,94.75888888888889,981.6623333333334,0.021739130434782608
Community Planning & Development,2021,13056,194.41444444444446,1169.5581666666665,0.041283700980392156
Community Planning & Development,2022,15896,113.74416666666667,1033.7046111111115,0.059826371414192246
Community Planning & Development,2023,18899,94.05777777777777,695.2587222222222,0.39547065982327106
Community Planning & Development,2024,13891,0.9961111111111111,38.769055555555596,0.6873515225685696
Community Planning & Development,2025,14343,478.815,2470.7102222222225,0.05005926235794464
Excise & License,2019,8625,76.27958333333333,313.58441666666664,0.0015072463768115941
Excise & License,2020,10715,95.85638888888889,625.2836111111111,0.0007466168922071861
Excise & License,2021,9382,172.80777777777777,577.5998888888889,0.00042634832658281814
Excise & License,2022,9273,174.54472222222222,600.0388888888889,0.003450878895718753
Excise & License,2023,13375,119.76472222222222,462.49,0.010766355140186916
Excise & License,2024,13990,122.68722222222222,504.00777777777785,0.014796283059328091
Excise & License,2025,10428,73.25569444444444,354.5046111111117,0.012466436517069428
External Agency,2019,3915,0.04083333333333333,26.594333333333335,0.002554278416347382
External Agency,2020,6754,0.02638888888888889,0.6741111111111117,0.0016286644951140066
External Agency,2021,1968,0.0275,6.578388888888901,0.0020325203252032522
External Agency,2022,2146,0.04083333333333333,60.424166666666665,0.002329916123019571
External Agency,2023,2686,0.0375,26.40766666666667,0.0011169024571854058
External Agency,2024,560,8.360416666666666,60.62933333333337,0.0
Finance,2020,753,2.6013888888888888,54.43888888888889,0.01593625498007968
Finance,2023,573,0.0,65.08166666666666,0.11169284467713787
Finance,2024,549,0.0061111111111111106,26.568194444444444,0.07832422586520947
Parks & Recreation,2019,4808,52.295,351.7187777777778,0.0012479201331114808
Parks & Recreation,2020,4902,47.485277777777775,370.4863888888889,0.004283965728274173
Parks & Recreation,2021,4965,99.39833333333334,504.70580555555557,0.0932527693856999
Parks & Recreation,2022,4531,156.70305555555555,1241.5810000000006,0.024718605164422865
Parks & Recreation,2023,4828,115.65152777777777,894.9178055555567,0.018227009113504555
Parks & Recreation,2024,5346,70.39263888888888,240.5834722222222,0.005611672278338945
Parks & Recreation,2025,4576,91.23916666666666,641.9693333333333,0.055288461538461536
Public Health & Environment,2019,24506,2.3794444444444443,51.51233333333332,0.3863951685301559
Public Health & Environment,2020,13518,13.584444444444445,93.40044444444446,0.1163633673620358
Public Health & Environment,2021,9793,16.426805555555553,111.64208333333335,0.17389972429286224
Public Health & Environment,2022,9434,19.86722222222222,122.23438888888887,0.1245495018019928
Public Health & Environment,2023,7904,17.494444444444447,142.07866666666666,0.04326923076923077
Public Health & Environment,2024,7077,16.089444444444446,145.60616666666667,0.002543450614667232
Public Health & Environment,2025,6867,13.534722222222221,118.69711111111111,0.011213047910295617
Public Works,2019,91197,2.82,145.37594444444443,0.0046931368356415235
Public Works,2020,64443,210.01277777777779,4331.049777777778,0.006982915134304734
Public Works,2021,24198,53.61638888888889,1103.7004999999995,0.016736920406645178
Public Works,2022,26321,73.9111111111111,1215.4118333333342,0.0045970897762243074
Public Works,2023,29747,73.8625,1347.956222222222,0.030557703297811545
Public Works,2024,24762,48.40222222222222,1073.163611111111,0.04204022292221953
Public Works,2025,24588,40.50083333333333,621.5797777777783,0.09813730274930861
Safety,2019,874,23.08138888888889,60.945,0.003432494279176201
Safety,2020,827,21.109444444444442,66.93347222222222,0.0012091898428053204
Safety,2021,17443,1.1091666666666666,1.2516666666666667,0.0003439775268015823
Safety,2022,34531,1.0597222222222222,1.2344444444444445,0.0004633517708725493
Safety,2023,46275,0.10472222222222222,0.42694444444444446,0.0050999459751485685
Safety,2024,35744,0.15388888888888888,0.5292222222222235,0.02081468218442256
Safety,2025,41709,0.19361111111111112,0.82,0.025006593301205974
Tech Services,2023,752,0.24388888888888888,26.880138888888894,0.0026595744680851063
Tech Services,2024,891,0.12055555555555555,43.78538888888893,0.008978675645342313
Tech Services,2025,625,0.07555555555555556,50.91888888888889,0.0064
