year,request_category,contacts,field_requests,share_of_field
2019,Solid Waste,84857,60539,0.3816677909681812
2019,Streets & Traffic,35144,23544,0.1484330178984598
2019,Neighborhood Inspection,31659,22644,0.1427589728717603
2019,General Information,68288,11171,0.07042750777028944
2019,Animals,26616,10128,0.06385192003379209
2019,Parking & Vehicles,24326,9091,0.05731415926413941
2019,Licensing & Permits,24061,8118,0.0511798861408298
2019,Public Health & Noise,13611,7378,0.046514560229987956
2019,Parks & Trees,8083,2901,0.01828933846939483
2019,"Clerk, DMV & Elections",54761,1920,0.012104629390292339
2019,Public Safety (non-emergency),15581,683,0.004305969725817535
2019,Taxes & Property,45434,495,0.0031207247646847435
2019,Other,22,5,3.1522472370552966e-05
2020,Solid Waste,50450,37407,0.30660972770938183
2020,Streets & Traffic,30268,19530,0.1600793429615908
2020,Neighborhood Inspection,27063,17115,0.14028458549859837
2020,General Information,80821,13349,0.1094162390780479
2020,Licensing & Permits,24610,10436,0.08553958131833904
2020,Public Health & Noise,12933,7573,0.06207275290569007
2020,Parking & Vehicles,16738,5903,0.048384452713889935
2020,Parks & Trees,7230,3393,0.027811019491483745
2020,"Clerk, DMV & Elections",91407,3074,0.025196308257241683
2020,Animals,18105,2510,0.02057343322240619
2020,Taxes & Property,48665,901,0.007385124834019114
2020,Public Safety (non-emergency),14233,674,0.00552449959836724
2020,Encampments,1833,137,0.001122932410944083
2020,Other,2,0,0.0
2021,Streets & Traffic,26797,17223,0.20472618778751173
2021,Encampments,20923,16896,0.2008392073888288
2021,Neighborhood Inspection,22247,13556,0.16113732808729658
2021,Licensing & Permits,35454,9093,0.10808658337988993
2021,General Information,66815,7504,0.08919847373613703
2021,Parking & Vehicles,20592,6364,0.0756475328966919
2021,Public Health & Noise,9165,4832,0.057436970294911266
2021,Parks & Trees,6940,3500,0.04160376573513854
2021,Animals,14971,2107,0.0250454669725534
2021,"Clerk, DMV & Elections",60550,1515,0.018008487168209967
2021,Taxes & Property,50669,699,0.008308866356817669
2021,Public Safety (non-emergency),16810,455,0.00540848954556801
2021,Solid Waste,647,383,0.0045526406504451606
2021,Other,43,0,0.0
2022,Encampments,26575,23687,0.2205945351934288
2022,Streets & Traffic,27351,18464,0.1719532865205163
2022,Neighborhood Inspection,23934,16937,0.15773249641453557
2022,Public Safety (non-emergency),79418,12426,0.11572202872096705
2022,General Information,67394,9547,0.08891020506993984
2022,Licensing & Permits,38062,8546,0.07958799754139581
2022,Parking & Vehicles,26881,6734,0.0627130324647507
2022,Public Health & Noise,8081,3813,0.035510067239099254
2022,Parks & Trees,6535,3126,0.02911210862560301
2022,Animals,13430,1935,0.018020451116616067
2022,"Clerk, DMV & Elections",59724,1108,0.010318687254372403
2022,Taxes & Property,41244,621,0.00578330756765818
2022,Solid Waste,2217,434,0.0040417962711169885
2022,Other,1,0,0.0
2023,Public Safety (non-emergency),124881,31800,0.24125818419076087
2023,Neighborhood Inspection,27785,20504,0.1555584216555774
2023,Streets & Traffic,35197,20320,0.1541624623508258
2023,Encampments,23660,14645,0.11110773922873249
2023,General Information,77910,12369,0.09384032956778368
2023,Licensing & Permits,40287,10799,0.08192915506528385
2023,Parking & Vehicles,24924,10490,0.07958485384154344
2023,Public Health & Noise,7978,3781,0.028685446365574428
2023,Parks & Trees,5166,2497,0.018944078173721065
2023,Animals,12154,2121,0.016091465681402635
2023,Taxes & Property,35709,1046,0.007935725178098612
2023,Solid Waste,8035,799,0.006061801546176665
2023,"Clerk, DMV & Elections",50870,638,0.004840337154519039
2023,Other,6,0,0.0
2024,Public Safety (non-emergency),106455,35273,0.33121431790865385
2024,Streets & Traffic,26824,16747,0.1572547325721154
2024,Neighborhood Inspection,22402,15703,0.14745154747596154
2024,Licensing & Permits,45471,11225,0.10540301983173077
2024,General Information,83044,8101,0.07606858473557693
2024,Parking & Vehicles,21732,7407,0.06955190805288461
2024,Public Health & Noise,9542,3609,0.033888596754807696
2024,Parks & Trees,5853,2838,0.026648888221153848
2024,Animals,13450,1736,0.016301081730769232
2024,Solid Waste,14917,1694,0.015906700721153848
2024,Taxes & Property,37330,1522,0.014291616586538462
2024,"Clerk, DMV & Elections",54599,605,0.005680964543269231
2024,Encampments,12407,36,0.0003380408653846154
2024,Other,1,0,0.0
2025,Public Safety (non-emergency),126425,39497,0.3731870706841653
2025,Neighborhood Inspection,22879,16673,0.1575346995852112
2025,Streets & Traffic,29327,15912,0.15034439751693643
2025,Licensing & Permits,42745,9128,0.0862458308531043
2025,Parking & Vehicles,20201,7209,0.06811417557186995
2025,General Information,62311,5453,0.05152262441301246
2025,Public Health & Noise,8305,3677,0.03474210342318849
2025,Solid Waste,20339,1978,0.018689116282585485
2025,Parks & Trees,4732,1882,0.017782061093946352
2025,Animals,13427,1731,0.01635533887014938
2025,Taxes & Property,37637,980,0.009259521717357824
2025,Encampments,9910,964,0.009108345852584635
2025,"Clerk, DMV & Elections",53228,753,0.0071147141358882055
2025,Other,4,0,0.0
