year,channel,contacts,field_requests,share_of_contacts,share_of_field
2019,Phone,364099,120965,0.8419583621425252,0.762623174060788
2019,App (PocketGov),58198,36262,0.13457958621136196,0.22861357862019835
2019,Email,6353,1325,0.014690953489824092,0.008353455178196537
2019,Other,2916,20,0.006743085215855037,0.00012608988948221186
2019,Council Office,693,45,0.0016025233383359194,0.0002837022513349767
2019,Web & Chat,184,0,0.0004254896020978487,0.0
2020,Phone,351039,89030,0.8272237120544446,0.7297421353748299
2020,App (PocketGov),55431,27446,0.1306232002224537,0.22496352518811166
2020,Email,12725,5118,0.029986473684954683,0.04195013196504975
2020,Other,4284,4,0.010095249765528162,3.278634776479074e-05
2020,Council Office,621,297,0.0014633870458433682,0.0024343863215357127
2020,Web & Chat,258,107,0.0006079772267755056,0.0008770348027081523
2021,Phone,255883,46836,0.7256560122283572,0.5567297062774139
2021,App (PocketGov),59222,32990,0.1679470709511291,0.39214520902920585
2021,Email,31896,3836,0.09045354386979862,0.04559772724571184
2021,Other,4009,76,0.011369082561262312,0.0009033960559630083
2021,Council Office,1387,237,0.00393337927474952,0.002817169279779381
2021,Web & Chat,226,152,0.0006409111147032383,0.0018067921119260166
2022,Phone,290439,51407,0.6901296670761583,0.4787479744454171
2022,App (PocketGov),83860,51699,0.19926481595449178,0.4814673396785189
2022,Email,36318,4033,0.08629739549052269,0.03755890405855948
2022,Other,5531,5,0.013142543489676771,4.656447316955056e-05
2022,Council Office,4451,96,0.010576290195724336,0.0008940378848553707
2022,Web & Chat,248,138,0.0005892877934261145,0.0012851794594795954
2023,Phone,342241,76680,0.721172365254698,0.5817508667845139
2023,App (PocketGov),78981,48354,0.16642925476544687,0.36684900120629094
2023,Email,42472,6403,0.08949726273911522,0.04857786645828434
2023,Council Office,5455,75,0.011494809951070672,0.000569005151393304
2023,Other,4869,9,0.01025998710389791,6.828061816719647e-05
2023,Web & Chat,544,288,0.0011463201857713006,0.002184979781350287
2024,Phone,332243,70722,0.7317692560134089,0.6640812800480769
2024,App (PocketGov),57693,27546,0.12706953551220523,0.25865760216346156
2024,Email,48192,7334,0.1061434672387325,0.06886643629807693
2024,Council Office,9497,89,0.020917258224731127,0.0008357121394230769
2024,Other,5013,46,0.011041193585403512,0.00043194110576923075
2024,Web & Chat,1389,759,0.0030592894255187467,0.007127028245192308
2025,Phone,345574,72761,0.7654417790772365,0.6874816935476251
2025,App (PocketGov),53075,27250,0.11756041375949676,0.25747139469183744
2025,Email,41334,5109,0.09155425609675061,0.0482723433203889
2025,Council Office,6078,66,0.013462688550734268,0.0006236004421894044
2025,Other,4083,25,0.009043790285068775,0.00023621228870810776
2025,Web & Chat,1326,626,0.002937072230713004,0.005914755709251018
