request_type,phone_closed,app_closed,phone_p50_hours,app_p50_hours,app_minus_phone_hours
ROWE - 72 Hour Enforcement,5164,2260,5.539861111111112,26.069583333333334,20.529722222222222
Barking Dog,1555,973,21.453055555555554,52.900555555555556,31.4475
Damaged/Fallen Tree,1553,2185,25.801111111111112,63.76083333333333,37.95972222222222
Snow Removal Complaint/Sidewalk,5864,16089,96.83569444444444,136.59416666666667,39.758472222222224
Transportation Sign Maintenance,3630,3483,143.32694444444445,189.58555555555554,46.258611111111094
Weeds/Vegetation Violation,5917,10625,432.0777777777778,479.2313888888889,47.153611111111104
Pothole,14396,12154,3.0044444444444443,50.43486111111111,47.430416666666666
Signal Hazard (Traffic),2837,1270,12.998055555555556,68.36444444444444,55.36638888888889
Inspection,2816,3019,342.8411111111111,409.0777777777778,66.23666666666668
Trash in Yard Violation,2795,1976,410.0236111111111,476.44472222222225,66.42111111111114
Other,11490,4886,24.669305555555553,92.5351388888889,67.86583333333334
Transportation Signal Maintenance,1897,1611,29.744722222222222,110.465,80.72027777777778
Signal Timing,1910,1564,50.105694444444445,159.01097222222222,108.90527777777777
Inquiry,2615,857,215.6775,475.1897222222222,259.5122222222222
