request_type,year,open_in_file_share,top_close_day,top_close_day_share,record_gap
Barking Dog,2019,0.845,2019-08-30,0.043010752688172046,true
Barking Dog,2020,0.8427382053654024,2020-04-23,0.029411764705882353,true
Barking Dog,2021,0.8646788990825688,2021-01-11,0.05084745762711865,true
Barking Dog,2022,0.8780821917808219,2022-10-11,0.056179775280898875,true
Barking Dog,2023,0.1891891891891892,2023-10-10,0.02857142857142857,false
Barking Dog,2024,0.0013192612137203166,2024-11-21,0.02509907529722589,false
Barking Dog,2025,0.008275862068965517,2025-01-28,0.025034770514603615,false
Callback Request,2019,0.019337016574585635,2019-04-12,0.014084507042253521,false
Callback Request,2020,0.013374485596707819,2020-07-29,0.021897810218978103,false
Callback Request,2021,0.032407407407407406,2021-06-23,0.019138755980861243,false
Callback Request,2022,0.0473186119873817,2022-04-04,0.016556291390728478,false
Callback Request,2023,0.06413301662707839,2023-10-19,0.015228426395939087,false
Callback Request,2024,0.031545741324921134,2025-03-07,0.026058631921824105,false
Callback Request,2025,0.05725190839694656,2025-11-18,0.09716599190283401,false
DPD - Non Emergency/ General Info,2019,0.0,2019-07-31,0.02030456852791878,false
DPD - Non Emergency/ General Info,2020,0.0,2020-06-23,0.048223350253807105,false
DPD - Non Emergency/ General Info,2021,0.0,2021-11-02,0.02734375,false
DPD - Non Emergency/ General Info,2022,0.0010582010582010583,2022-11-21,0.019067796610169493,false
DPD - Non Emergency/ General Info,2023,0.0,2023-09-05,0.011374407582938388,false
DPD - Non Emergency/ General Info,2024,0.002372479240806643,2024-08-29,0.0178359096313912,false
DPD - Non Emergency/ General Info,2025,0.0,2025-08-05,0.016842105263157894,false
Damaged/Fallen Tree,2019,0.0,2019-05-21,0.1308641975308642,false
Damaged/Fallen Tree,2020,0.0018552875695732839,2020-06-09,0.14312267657992564,false
Damaged/Fallen Tree,2021,0.009950248756218905,2021-04-16,0.17755443886097153,false
Damaged/Fallen Tree,2022,0.006006006006006006,2022-12-29,0.1691842900302115,false
Damaged/Fallen Tree,2023,0.024896265560165973,2023-01-03,0.036170212765957444,false
Damaged/Fallen Tree,2024,0.0028089887640449437,2024-03-14,0.09577464788732394,false
Damaged/Fallen Tree,2025,0.026252983293556086,2025-12-18,0.07598039215686274,false
EXL - Inspection Request,2019,0.001098901098901099,2019-04-02,0.015401540154015401,false
EXL - Inspection Request,2020,0.0017331022530329288,2020-09-21,0.015625,false
EXL - Inspection Request,2021,0.001893939393939394,2021-09-16,0.015180265654648957,false
EXL - Inspection Request,2022,0.0045871559633027525,2022-08-10,0.02534562211981567,false
EXL - Inspection Request,2023,0.004282655246252677,2023-08-04,0.015053763440860216,false
EXL - Inspection Request,2024,0.0,2024-11-14,0.014112903225806451,false
EXL - Inspection Request,2025,0.008247422680412371,2025-01-17,0.014553014553014554,false
Illegal Parking,2019,0.0,2019-01-17,0.0603448275862069,false
Illegal Parking,2020,0.0,2020-11-03,0.09090909090909091,false
Illegal Parking,2021,0.0,2021-09-21,0.14893617021276595,false
Illegal Parking,2022,0.0,2022-10-31,0.057971014492753624,false
Illegal Parking,2023,0.15073787772312017,2023-07-06,0.2126603227141084,false
Illegal Parking,2024,0.001279863481228669,2024-07-22,0.019649722340879965,false
Illegal Parking,2025,0.002969876962240136,2025-10-14,0.019148936170212766,false
Inquiry,2019,0.041666666666666664,2019-07-23,0.036231884057971016,false
Inquiry,2020,0.06538461538461539,2020-11-10,0.024691358024691357,false
Inquiry,2021,0.10376134889753567,2021-04-20,0.02894356005788712,false
Inquiry,2022,0.05690072639225181,2023-04-04,0.029525032092426188,false
Inquiry,2023,0.006734006734006734,2023-10-12,0.020338983050847456,false
Inquiry,2024,0.017094017094017096,2024-09-07,0.02826086956521739,false
Inquiry,2025,0.17218543046357615,2025-09-18,0.024,false
Inspection,2019,0.07211538461538461,2020-01-06,0.03626943005181347,false
Inspection,2020,0.04,2020-07-22,0.025537634408602152,false
Inspection,2021,0.09226932668329177,2022-03-12,0.03021978021978022,false
Inspection,2022,0.03873239436619718,2023-04-06,0.031135531135531136,false
Inspection,2023,0.007984031936127744,2023-10-06,0.02012072434607646,false
Inspection,2024,0.07454545454545454,2024-09-07,0.0275049115913556,false
Inspection,2025,0.3870558375634518,2025-11-18,0.028985507246376812,true
Inspection Request,2019,0.0,2019-10-18,0.01875,false
Inspection Request,2020,0.0006954102920723226,2020-04-10,0.015309672929714684,false
Inspection Request,2021,0.0013623978201634877,2021-02-17,0.015006821282401092,false
Inspection Request,2022,0.013927576601671309,2022-09-12,0.022598870056497175,false
Inspection Request,2023,0.007633587786259542,2023-08-01,0.026923076923076925,false
Inspection Request,2024,0.0,2024-07-25,0.034482758620689655,false
Inspection Request,2025,0.0,2025-06-12,0.09302325581395349,false
More Information Requested,2019,0.003681392235609103,2019-08-31,0.01175680214981525,false
More Information Requested,2020,0.002390438247011952,2020-03-13,0.011182108626198083,false
More Information Requested,2021,0.0022988505747126436,2021-12-06,0.014592933947772658,false
More Information Requested,2022,0.00046468401486988845,2022-11-12,0.014876801487680148,false
More Information Requested,2023,0.0,2023-08-14,0.01818181818181818,false
More Information Requested,2024,0.0,2024-04-12,0.02074688796680498,false
More Information Requested,2025,0.008298755186721992,2025-05-17,0.02092050209205021,false
New Business License,2019,0.0,2019-10-29,0.06711409395973154,false
New Business License,2020,0.0032076984763432237,2020-11-13,0.02413515687851971,false
New Business License,2021,0.0017331022530329288,2021-04-28,0.016493055555555556,false
New Business License,2022,0.005008347245409015,2022-09-15,0.018456375838926176,false
New Business License,2023,0.008947368421052631,2023-05-23,0.017525225703664365,false
New Business License,2024,0.012742718446601941,2024-06-12,0.027043638598647817,false
New Business License,2025,0.004228329809725159,2025-03-26,0.012738853503184714,false
Online Process / Application,2019,0.0014619883040935672,2019-07-11,0.03806734992679356,false
Online Process / Application,2020,0.0,2020-08-19,0.021739130434782608,false
Online Process / Application,2021,0.001142857142857143,2021-04-28,0.02517162471395881,false
Online Process / Application,2022,0.0,2022-03-31,0.023170731707317073,false
Online Process / Application,2023,0.0012077294685990338,2023-03-07,0.020556227327690448,false
Online Process / Application,2024,0.0019120458891013384,2024-03-14,0.019157088122605363,false
Online Process / Application,2025,0.0,2025-01-13,0.029556650246305417,false
Other,2019,0.054157931516422085,2019-08-02,0.011082379017362394,false
Other,2020,0.019599666388657216,2021-04-07,0.06252658443215653,false
Other,2021,0.08439646712463199,2021-03-15,0.02304394426580922,false
Other,2022,0.044676409185803755,2023-03-01,0.012674825174825174,false
Other,2023,0.1773809523809524,2023-07-03,0.013024602026049204,false
Other,2024,0.09428685577307232,2024-03-15,0.0141155712395236,false
Other,2025,0.09556057185854025,2025-05-06,0.02454242928452579,false
Pothole,2019,0.0,2019-12-12,0.018271066266703027,false
Pothole,2020,0.0,2020-03-04,0.011969111969111969,false
Pothole,2021,0.0002405002405002405,2021-05-24,0.010103439980755352,false
Pothole,2022,0.0,2022-02-28,0.01281085154483798,false
Pothole,2023,0.013824884792626729,2023-06-21,0.010514018691588784,false
Pothole,2024,0.0035714285714285713,2024-04-02,0.014988595633756924,false
Pothole,2025,0.0041893590280687055,2025-06-23,0.01430374421539756,false
Public Health Business License Inspection,2019,0.003552397868561279,2019-10-22,0.03208556149732621,false
Public Health Business License Inspection,2020,0.005005005005005005,2020-03-02,0.019114688128772636,false
Public Health Business License Inspection,2021,0.0019249278152069298,2021-08-24,0.013500482160077145,false
Public Health Business License Inspection,2022,0.009861932938856016,2022-05-31,0.01195219123505976,false
Public Health Business License Inspection,2023,0.0,2023-02-08,0.014814814814814815,false
Public Health Business License Inspection,2024,0.000975609756097561,2024-05-29,0.015625,false
Public Health Business License Inspection,2025,0.0009514747859181732,2025-06-13,0.012380952380952381,false
ROWE - 72 Hour Enforcement,2019,0.0,2019-05-10,0.010362694300518135,false
ROWE - 72 Hour Enforcement,2020,0.001004016064257028,2020-10-07,0.019095477386934675,false
ROWE - 72 Hour Enforcement,2021,0.0,2021-02-18,0.012842465753424657,false
ROWE - 72 Hour Enforcement,2022,0.0,2022-06-27,0.06685393258426967,false
ROWE - 72 Hour Enforcement,2023,0.0005685048322910744,2023-02-22,0.038680318543799774,false
ROWE - 72 Hour Enforcement,2024,0.0,2024-10-25,0.028985507246376812,false
ROWE - 72 Hour Enforcement,2025,0.0,2025-11-12,0.07894736842105263,false
Renewal Business License,2019,0.0,2019-12-12,0.04938271604938271,false
Renewal Business License,2020,0.0,2020-07-09,0.0243531202435312,false
Renewal Business License,2021,0.0006297229219143577,2021-03-19,0.022684310018903593,false
Renewal Business License,2022,0.004690431519699813,2022-07-15,0.01413760603204524,false
Renewal Business License,2023,0.010130246020260492,2023-03-06,0.013157894736842105,false
Renewal Business License,2024,0.016546762589928057,2024-07-30,0.016093635698610095,false
Renewal Business License,2025,0.003436426116838488,2025-04-10,0.016091954022988506,false
Signal Hazard (Traffic),2019,0.0,2019-03-14,0.034653465346534656,false
Signal Hazard (Traffic),2020,0.0,2020-03-22,0.020785219399538105,false
Signal Hazard (Traffic),2021,0.0,2021-12-15,0.041884816753926704,false
Signal Hazard (Traffic),2022,0.0,2022-06-13,0.03054662379421222,false
Signal Hazard (Traffic),2023,0.0018148820326678765,2023-09-27,0.02181818181818182,false
Signal Hazard (Traffic),2024,0.018867924528301886,2025-01-14,0.1227810650887574,false
Signal Hazard (Traffic),2025,0.016591251885369532,2025-05-15,0.018404907975460124,false
Signal Timing,2019,0.057065217391304345,2019-11-05,0.03170028818443804,false
Signal Timing,2020,0.028350515463917526,2020-03-02,0.03183023872679045,false
Signal Timing,2021,0.0,2021-03-19,0.045871559633027525,false
Signal Timing,2022,0.0031847133757961785,2022-03-17,0.04153354632587859,false
Signal Timing,2023,0.08571428571428572,2023-12-07,0.05263157894736842,false
Signal Timing,2024,0.208,2025-01-14,0.13131313131313133,true
Signal Timing,2025,0.14925373134328357,2025-09-10,0.02729044834307992,false
Snow Removal Complaint/Sidewalk,2019,0.019755747126436782,2019-12-04,0.09344082081348479,false
Snow Removal Complaint/Sidewalk,2020,0.00964423489069867,2020-02-11,0.04782514607227873,false
Snow Removal Complaint/Sidewalk,2021,0.009504752376188095,2021-03-18,0.10202020202020202,false
Snow Removal Complaint/Sidewalk,2022,0.02297029702970297,2022-02-28,0.04114308877178759,false
Snow Removal Complaint/Sidewalk,2023,0.13013013013013014,2023-03-01,0.05178365937859609,false
Snow Removal Complaint/Sidewalk,2024,0.923646459972235,2024-01-10,0.12727272727272726,true
Snow Removal Complaint/Sidewalk,2025,0.004765395894428153,2025-05-06,0.8324125230202578,true
Transportation Sign Maintenance,2019,0.007246376811594203,2019-12-13,0.10948905109489052,false
Transportation Sign Maintenance,2020,0.00099601593625498,2020-06-11,0.022931206380857428,false
Transportation Sign Maintenance,2021,0.0017513134851138354,2021-06-09,0.02894736842105263,false
Transportation Sign Maintenance,2022,0.002094972067039106,2022-03-14,0.044086773967809655,false
Transportation Sign Maintenance,2023,0.0165016501650165,2023-12-21,0.03691275167785235,false
Transportation Sign Maintenance,2024,0.057163531114327065,2025-01-15,0.10744435917114352,false
Transportation Sign Maintenance,2025,0.10869565217391304,2025-06-16,0.027317073170731707,false
Transportation Signal Maintenance,2019,0.0196078431372549,2019-12-17,0.16,false
Transportation Signal Maintenance,2020,0.0069124423963133645,2020-10-06,0.027842227378190254,false
Transportation Signal Maintenance,2021,0.0015174506828528073,2021-04-20,0.016717325227963525,false
Transportation Signal Maintenance,2022,0.0,2022-03-14,0.0290519877675841,false
Transportation Signal Maintenance,2023,0.011976047904191617,2023-09-28,0.03484848484848485,false
Transportation Signal Maintenance,2024,0.04437869822485207,2025-01-17,0.08978328173374613,false
Transportation Signal Maintenance,2025,0.047619047619047616,2025-08-01,0.022727272727272728,false
Trash in Yard Violation,2019,0.1614785992217899,2019-10-02,0.027842227378190254,false
Trash in Yard Violation,2020,0.035326086956521736,2020-10-09,0.013145539906103286,false
Trash in Yard Violation,2021,0.03773584905660377,2021-08-18,0.011351909184726523,false
Trash in Yard Violation,2022,0.08017334777898158,2022-05-19,0.011778563015312132,false
Trash in Yard Violation,2023,0.5496009122006842,2023-03-21,0.03291139240506329,true
Trash in Yard Violation,2024,0.8641826923076923,2024-04-24,0.05309734513274336,true
Trash in Yard Violation,2025,0.07917059377945335,2025-05-06,0.30501535312180145,true
Weeds/Vegetation Violation,2019,0.06285355122564425,2019-09-06,0.028839704896042925,false
Weeds/Vegetation Violation,2020,0.02074688796680498,2020-09-02,0.019303201506591337,false
Weeds/Vegetation Violation,2021,0.01939910101726993,2021-09-08,0.019059107358262967,false
Weeds/Vegetation Violation,2022,0.052349336057201226,2022-10-27,0.01778496362166532,false
Weeds/Vegetation Violation,2023,0.7729586642231725,2023-06-23,0.06188340807174888,true
Weeds/Vegetation Violation,2024,0.8892423366107577,2024-07-15,0.1174934725848564,true
Weeds/Vegetation Violation,2025,0.02638995644376121,2025-05-06,0.022105263157894735,false
Zoning Business License Inspection,2019,0.0,2019-08-27,0.023880597014925373,false
Zoning Business License Inspection,2020,0.0,2020-12-04,0.030534351145038167,false
Zoning Business License Inspection,2021,0.0028735632183908046,2021-10-06,0.01440922190201729,false
Zoning Business License Inspection,2022,0.0,2022-03-10,0.016200294550810016,false
Zoning Business License Inspection,2023,0.0,2023-07-28,0.012285012285012284,false
Zoning Business License Inspection,2024,0.007194244604316547,2024-05-30,0.009316770186335404,false
Zoning Business License Inspection,2025,0.004604051565377533,2025-11-13,0.012025901942645698,false
