council_district,ranked_requests,wait_index,p50_days,approx_population
1,20022,0.5036881267804322,3.4717939814814813,74589
2,7909,0.48638561435999783,2.9934837962962964,61981
3,12587,0.5094550995156478,2.824965277777778,41253
4,10397,0.5101352969334698,2.664664351851852,63676
5,12910,0.4961124653242698,2.8058159722222222,63321
6,13641,0.515707016798037,3.614236111111111,50757
7,20697,0.5065215989632661,2.9698611111111113,53598
8,13665,0.4891826662895048,2.0310416666666664,69811
9,18564,0.5002166822841173,2.202685185185185,74542
10,18534,0.5012454851051219,2.818142361111111,76878
11,6558,0.5005595945611069,1.917523148148148,83328
