request_type,request_category,answered_calls_7y,answered_calls_2025,share_of_all_phone_contacts
911 NECT KEEP,Public Safety (non-emergency),89316,56719,0.039147620137119234
"Online Report, General Info",Public Safety (non-emergency),83165,0,0.03645160809601327
City & County of Denver,General Information,45564,4036,0.019970914101926876
Property Tax Information / Statements,Taxes & Property,40647,4452,0.017815770026797947
Registration / Issues,"Clerk, DMV & Elections",39986,3567,0.017526050638215433
DMV & State,"Clerk, DMV & Elections",31619,2645,0.013858755442648273
Service Schedule,Solid Waste,26274,6297,0.011516016967650484
Other,General Information,25283,2857,0.01108165703711301
Mail Ballot,"Clerk, DMV & Elections",24595,770,0.010780103422370544
Courts,"Clerk, DMV & Elections",22984,1597,0.010073994594826777
Animal Adoption/Hold Inquiry,Animals,21646,3708,0.009487542942900298
DPD - Non Emergency/ General Info,Public Safety (non-emergency),18511,1117,0.008113457794328162
Marriage Application/Online/ Appointment,"Clerk, DMV & Elections",18025,2254,0.007900441723449036
OOJ,General Information,15630,883,0.006850702032594089
Voter Information Change/Voter Registration,"Clerk, DMV & Elections",13716,659,0.006011786889255312
Permits,Licensing & Permits,13418,1290,0.005881172096823256
Property Information (NOT Tax Information),Taxes & Property,11805,909,0.005174186659934307
Lost my Pet,Animals,10828,1603,0.004745962994813103
Title / Issues,"Clerk, DMV & Elections",10237,747,0.004486924933311944
Parking Operations,Parking & Vehicles,10007,589,0.004386114858616062
