dow,hour,field_requests
0,0,210
0,1,92
0,2,77
0,3,131
0,4,132
0,5,313
0,6,1041
0,7,5636
0,8,12414
0,9,15079
0,10,15543
0,11,15271
0,12,13767
0,13,13850
0,14,13207
0,15,13257
0,16,11035
0,17,7012
0,18,4589
0,19,2342
0,20,1810
0,21,1265
0,22,838
0,23,399
1,0,233
1,1,122
1,2,104
1,3,99
1,4,134
1,5,379
1,6,1051
1,7,6921
1,8,15001
1,9,15880
1,10,16421
1,11,16243
1,12,14778
1,13,14899
1,14,13993
1,15,13906
1,16,11629
1,17,7546
1,18,4861
1,19,2245
1,20,1754
1,21,1304
1,22,929
1,23,452
2,0,218
2,1,108
2,2,70
2,3,72
2,4,130
2,5,378
2,6,1088
2,7,5977
2,8,12903
2,9,15392
2,10,16054
2,11,15970
2,12,14186
2,13,14102
2,14,13598
2,15,13597
2,16,11712
2,17,7423
2,18,4898
2,19,2327
2,20,1646
2,21,1197
2,22,769
2,23,419
3,0,196
3,1,112
3,2,100
3,3,84
3,4,118
3,5,373
3,6,1059
3,7,5704
3,8,12461
3,9,14685
3,10,14860
3,11,14975
3,12,13547
3,13,13281
3,14,12774
3,15,12966
3,16,11104
3,17,6904
3,18,4507
3,19,2072
3,20,1579
3,21,1302
3,22,921
3,23,427
4,0,201
4,1,113
4,2,100
4,3,73
4,4,99
4,5,335
4,6,929
4,7,5298
4,8,11223
4,9,13963
4,10,14398
4,11,14259
4,12,12833
4,13,12798
4,14,12414
4,15,11764
4,16,9222
4,17,5603
4,18,3448
4,19,1460
4,20,1059
4,21,685
4,22,583
4,23,422
5,0,249
5,1,180
5,2,84
5,3,71
5,4,79
5,5,189
5,6,417
5,7,954
5,8,2382
5,9,3565
5,10,4403
5,11,4497
5,12,4178
5,13,3936
5,14,3311
5,15,3339
5,16,3094
5,17,2336
5,18,1705
5,19,1081
5,20,873
5,21,757
5,22,603
5,23,436
6,0,294
6,1,237
6,2,111
6,3,74
6,4,75
6,5,188
6,6,355
6,7,826
6,8,1597
6,9,2047
6,10,2724
6,11,2486
6,12,2318
6,13,2204
6,14,2267
6,15,2377
6,16,2061
6,17,1567
6,18,1366
6,19,1249
6,20,1133
6,21,961
6,22,783
6,23,426
