month,request_category,contacts,field_requests
2019-01-01 00:00:00,Animals,2000,727
2019-01-01 00:00:00,"Clerk, DMV & Elections",4543,125
2019-01-01 00:00:00,General Information,5573,822
2019-01-01 00:00:00,Licensing & Permits,2032,1007
2019-01-01 00:00:00,Neighborhood Inspection,3431,2633
2019-01-01 00:00:00,Other,7,1
2019-01-01 00:00:00,Parking & Vehicles,2131,708
2019-01-01 00:00:00,Parks & Trees,360,80
2019-01-01 00:00:00,Public Health & Noise,1031,491
2019-01-01 00:00:00,Public Safety (non-emergency),1237,48
2019-01-01 00:00:00,Solid Waste,7505,5335
2019-01-01 00:00:00,Streets & Traffic,2192,1681
2019-01-01 00:00:00,Taxes & Property,4985,38
2019-02-01 00:00:00,Animals,1917,737
2019-02-01 00:00:00,"Clerk, DMV & Elections",3969,114
2019-02-01 00:00:00,General Information,4940,661
2019-02-01 00:00:00,Licensing & Permits,1763,677
2019-02-01 00:00:00,Neighborhood Inspection,2891,2209
2019-02-01 00:00:00,Other,5,2
2019-02-01 00:00:00,Parking & Vehicles,1639,582
2019-02-01 00:00:00,Parks & Trees,360,79
2019-02-01 00:00:00,Public Health & Noise,968,461
2019-02-01 00:00:00,Public Safety (non-emergency),1084,21
2019-02-01 00:00:00,Solid Waste,5424,3980
2019-02-01 00:00:00,Streets & Traffic,2818,2106
2019-02-01 00:00:00,Taxes & Property,4858,33
2019-03-01 00:00:00,Animals,2057,836
2019-03-01 00:00:00,"Clerk, DMV & Elections",4029,129
2019-03-01 00:00:00,General Information,5544,808
2019-03-01 00:00:00,Licensing & Permits,1907,649
2019-03-01 00:00:00,Neighborhood Inspection,2637,1984
2019-03-01 00:00:00,Other,2,1
2019-03-01 00:00:00,Parking & Vehicles,1954,695
2019-03-01 00:00:00,Parks & Trees,558,216
2019-03-01 00:00:00,Public Health & Noise,1101,529
2019-03-01 00:00:00,Public Safety (non-emergency),1242,30
2019-03-01 00:00:00,Solid Waste,7524,5273
2019-03-01 00:00:00,Streets & Traffic,3742,2742
2019-03-01 00:00:00,Taxes & Property,3999,29
2019-04-01 00:00:00,Animals,2202,937
2019-04-01 00:00:00,"Clerk, DMV & Elections",5629,149
2019-04-01 00:00:00,General Information,5968,964
2019-04-01 00:00:00,Licensing & Permits,2338,717
2019-04-01 00:00:00,Neighborhood Inspection,1885,1312
2019-04-01 00:00:00,Other,5,0
2019-04-01 00:00:00,Parking & Vehicles,2212,940
2019-04-01 00:00:00,Parks & Trees,646,199
2019-04-01 00:00:00,Public Health & Noise,1414,721
2019-04-01 00:00:00,Public Safety (non-emergency),1402,61
2019-04-01 00:00:00,Solid Waste,7917,5641
2019-04-01 00:00:00,Streets & Traffic,3410,2150
2019-04-01 00:00:00,Taxes & Property,4655,20
2019-05-01 00:00:00,Animals,2305,927
2019-05-01 00:00:00,"Clerk, DMV & Elections",5723,154
2019-05-01 00:00:00,General Information,5923,980
2019-05-01 00:00:00,Licensing & Permits,2290,739
2019-05-01 00:00:00,Neighborhood Inspection,2318,1625
2019-05-01 00:00:00,Parking & Vehicles,2128,892
2019-05-01 00:00:00,Parks & Trees,902,357
2019-05-01 00:00:00,Public Health & Noise,1352,726
2019-05-01 00:00:00,Public Safety (non-emergency),1369,76
2019-05-01 00:00:00,Solid Waste,8333,5711
2019-05-01 00:00:00,Streets & Traffic,2649,1770
2019-05-01 00:00:00,Taxes & Property,4508,54
2019-06-01 00:00:00,Animals,2486,981
2019-06-01 00:00:00,"Clerk, DMV & Elections",4195,176
2019-06-01 00:00:00,General Information,5674,961
2019-06-01 00:00:00,Licensing & Permits,2302,721
2019-06-01 00:00:00,Neighborhood Inspection,2793,1910
2019-06-01 00:00:00,Parking & Vehicles,2211,804
2019-06-01 00:00:00,Parks & Trees,1057,370
2019-06-01 00:00:00,Public Health & Noise,1461,784
2019-06-01 00:00:00,Public Safety (non-emergency),1421,91
2019-06-01 00:00:00,Solid Waste,7636,5291
2019-06-01 00:00:00,Streets & Traffic,2614,1667
2019-06-01 00:00:00,Taxes & Property,4443,57
2019-07-01 00:00:00,Animals,2905,1020
2019-07-01 00:00:00,"Clerk, DMV & Elections",4565,150
2019-07-01 00:00:00,General Information,6494,1154
2019-07-01 00:00:00,Licensing & Permits,2306,692
2019-07-01 00:00:00,Neighborhood Inspection,2787,1865
2019-07-01 00:00:00,Other,2,0
2019-07-01 00:00:00,Parking & Vehicles,2318,907
2019-07-01 00:00:00,Parks & Trees,1176,443
2019-07-01 00:00:00,Public Health & Noise,1473,824
2019-07-01 00:00:00,Public Safety (non-emergency),1575,81
2019-07-01 00:00:00,Solid Waste,7844,5694
2019-07-01 00:00:00,Streets & Traffic,2809,1899
2019-07-01 00:00:00,Taxes & Property,3803,63
2019-08-01 00:00:00,Animals,2539,970
2019-08-01 00:00:00,"Clerk, DMV & Elections",4656,224
2019-08-01 00:00:00,General Information,6650,1216
2019-08-01 00:00:00,Licensing & Permits,2290,737
2019-08-01 00:00:00,Neighborhood Inspection,2853,1854
2019-08-01 00:00:00,Parking & Vehicles,2366,908
2019-08-01 00:00:00,Parks & Trees,1020,414
2019-08-01 00:00:00,Public Health & Noise,1256,772
2019-08-01 00:00:00,Public Safety (non-emergency),1589,109
2019-08-01 00:00:00,Solid Waste,7675,5659
2019-08-01 00:00:00,Streets & Traffic,3651,2233
2019-08-01 00:00:00,Taxes & Property,3510,81
2019-09-01 00:00:00,Animals,2578,965
2019-09-01 00:00:00,"Clerk, DMV & Elections",4445,262
2019-09-01 00:00:00,General Information,5966,1100
2019-09-01 00:00:00,Licensing & Permits,2121,659
2019-09-01 00:00:00,Neighborhood Inspection,2078,1343
2019-09-01 00:00:00,Parking & Vehicles,2208,853
2019-09-01 00:00:00,Parks & Trees,791,302
2019-09-01 00:00:00,Public Health & Noise,1168,705
2019-09-01 00:00:00,Public Safety (non-emergency),1483,76
2019-09-01 00:00:00,Solid Waste,6846,4945
2019-09-01 00:00:00,Streets & Traffic,2916,1922
2019-09-01 00:00:00,Taxes & Property,2659,50
2019-10-01 00:00:00,Animals,2347,949
2019-10-01 00:00:00,"Clerk, DMV & Elections",5186,183
2019-10-01 00:00:00,General Information,5991,974
2019-10-01 00:00:00,Licensing & Permits,1935,584
2019-10-01 00:00:00,Neighborhood Inspection,2213,1550
2019-10-01 00:00:00,Parking & Vehicles,1857,672
2019-10-01 00:00:00,Parks & Trees,511,183
2019-10-01 00:00:00,Public Health & Noise,1035,637
2019-10-01 00:00:00,Public Safety (non-emergency),1201,37
2019-10-01 00:00:00,Solid Waste,6605,4615
2019-10-01 00:00:00,Streets & Traffic,2607,1692
2019-10-01 00:00:00,Taxes & Property,2951,29
2019-11-01 00:00:00,Animals,1801,724
2019-11-01 00:00:00,"Clerk, DMV & Elections",4069,142
2019-11-01 00:00:00,General Information,4876,828
2019-11-01 00:00:00,Licensing & Permits,1381,456
2019-11-01 00:00:00,Neighborhood Inspection,2524,1890
2019-11-01 00:00:00,Parking & Vehicles,1662,553
2019-11-01 00:00:00,Parks & Trees,358,124
2019-11-01 00:00:00,Public Health & Noise,755,422
2019-11-01 00:00:00,Public Safety (non-emergency),952,25
2019-11-01 00:00:00,Solid Waste,5982,4249
2019-11-01 00:00:00,Streets & Traffic,2668,1537
2019-11-01 00:00:00,Taxes & Property,2266,22
2019-12-01 00:00:00,Animals,1479,355
2019-12-01 00:00:00,"Clerk, DMV & Elections",3752,112
2019-12-01 00:00:00,General Information,4689,703
2019-12-01 00:00:00,Licensing & Permits,1396,480
2019-12-01 00:00:00,Neighborhood Inspection,3249,2469
2019-12-01 00:00:00,Other,1,1
2019-12-01 00:00:00,Parking & Vehicles,1640,577
2019-12-01 00:00:00,Parks & Trees,344,134
2019-12-01 00:00:00,Public Health & Noise,597,306
2019-12-01 00:00:00,Public Safety (non-emergency),1026,28
2019-12-01 00:00:00,Solid Waste,5566,4146
2019-12-01 00:00:00,Streets & Traffic,3068,2145
2019-12-01 00:00:00,Taxes & Property,2797,19
2020-01-01 00:00:00,Animals,1762,213
2020-01-01 00:00:00,"Clerk, DMV & Elections",4870,201
2020-01-01 00:00:00,General Information,6050,1004
2020-01-01 00:00:00,Licensing & Permits,1889,684
2020-01-01 00:00:00,Neighborhood Inspection,2475,1781
2020-01-01 00:00:00,Parking & Vehicles,1780,648
2020-01-01 00:00:00,Parks & Trees,382,131
2020-01-01 00:00:00,Public Health & Noise,867,478
2020-01-01 00:00:00,Public Safety (non-emergency),1139,32
2020-01-01 00:00:00,Solid Waste,6689,4861
2020-01-01 00:00:00,Streets & Traffic,2604,1846
2020-01-01 00:00:00,Taxes & Property,5425,37
2020-02-01 00:00:00,Animals,1569,194
2020-02-01 00:00:00,"Clerk, DMV & Elections",6151,178
2020-02-01 00:00:00,Encampments,44,2
2020-02-01 00:00:00,General Information,6267,813
2020-02-01 00:00:00,Licensing & Permits,1537,511
2020-02-01 00:00:00,Neighborhood Inspection,4209,3194
2020-02-01 00:00:00,Parking & Vehicles,1569,528
2020-02-01 00:00:00,Parks & Trees,367,119
2020-02-01 00:00:00,Public Health & Noise,630,293
2020-02-01 00:00:00,Public Safety (non-emergency),1028,22
2020-02-01 00:00:00,Solid Waste,4709,3542
2020-02-01 00:00:00,Streets & Traffic,3888,2351
2020-02-01 00:00:00,Taxes & Property,5236,31
2020-03-01 00:00:00,Animals,1698,238
2020-03-01 00:00:00,"Clerk, DMV & Elections",6154,147
2020-03-01 00:00:00,Encampments,70,5
2020-03-01 00:00:00,General Information,11161,2000
2020-03-01 00:00:00,Licensing & Permits,1640,530
2020-03-01 00:00:00,Neighborhood Inspection,1460,980
2020-03-01 00:00:00,Parking & Vehicles,1383,470
2020-03-01 00:00:00,Parks & Trees,591,211
2020-03-01 00:00:00,Public Health & Noise,948,492
2020-03-01 00:00:00,Public Safety (non-emergency),1379,64
2020-03-01 00:00:00,Solid Waste,5503,3890
2020-03-01 00:00:00,Streets & Traffic,2710,1539
2020-03-01 00:00:00,Taxes & Property,3750,44
2020-04-01 00:00:00,Animals,1432,296
2020-04-01 00:00:00,"Clerk, DMV & Elections",5091,165
2020-04-01 00:00:00,Encampments,100,10
2020-04-01 00:00:00,General Information,7948,1567
2020-04-01 00:00:00,Licensing & Permits,1689,768
2020-04-01 00:00:00,Neighborhood Inspection,1184,791
2020-04-01 00:00:00,Parking & Vehicles,768,207
2020-04-01 00:00:00,Parks & Trees,626,345
2020-04-01 00:00:00,Public Health & Noise,1387,898
2020-04-01 00:00:00,Public Safety (non-emergency),1555,115
2020-04-01 00:00:00,Solid Waste,6724,5039
2020-04-01 00:00:00,Streets & Traffic,2171,1370
2020-04-01 00:00:00,Taxes & Property,3837,81
2020-05-01 00:00:00,Animals,1952,281
2020-05-01 00:00:00,"Clerk, DMV & Elections",7741,343
2020-05-01 00:00:00,Encampments,145,19
2020-05-01 00:00:00,General Information,6986,1094
2020-05-01 00:00:00,Licensing & Permits,1882,840
2020-05-01 00:00:00,Neighborhood Inspection,1738,1147
2020-05-01 00:00:00,Parking & Vehicles,1057,275
2020-05-01 00:00:00,Parks & Trees,930,441
2020-05-01 00:00:00,Public Health & Noise,1480,945
2020-05-01 00:00:00,Public Safety (non-emergency),1548,126
2020-05-01 00:00:00,Solid Waste,7134,5400
2020-05-01 00:00:00,Streets & Traffic,2328,1578
2020-05-01 00:00:00,Taxes & Property,3398,101
2020-06-01 00:00:00,Animals,1798,236
2020-06-01 00:00:00,"Clerk, DMV & Elections",11363,312
2020-06-01 00:00:00,Encampments,135,13
2020-06-01 00:00:00,General Information,6905,1152
2020-06-01 00:00:00,Licensing & Permits,2201,1033
2020-06-01 00:00:00,Neighborhood Inspection,2387,1762
2020-06-01 00:00:00,Parking & Vehicles,1331,554
2020-06-01 00:00:00,Parks & Trees,1173,640
2020-06-01 00:00:00,Public Health & Noise,1172,739
2020-06-01 00:00:00,Public Safety (non-emergency),1335,133
2020-06-01 00:00:00,Solid Waste,7929,6103
2020-06-01 00:00:00,Streets & Traffic,2759,1924
2020-06-01 00:00:00,Taxes & Property,5093,166
2020-07-01 00:00:00,Animals,1434,187
2020-07-01 00:00:00,"Clerk, DMV & Elections",7523,269
2020-07-01 00:00:00,Encampments,163,7
2020-07-01 00:00:00,General Information,6701,1191
2020-07-01 00:00:00,Licensing & Permits,2379,1018
2020-07-01 00:00:00,Neighborhood Inspection,2329,1671
2020-07-01 00:00:00,Parking & Vehicles,1502,637
2020-07-01 00:00:00,Parks & Trees,839,415
2020-07-01 00:00:00,Public Health & Noise,1358,800
2020-07-01 00:00:00,Public Safety (non-emergency),1139,37
2020-07-01 00:00:00,Solid Waste,8372,6221
2020-07-01 00:00:00,Streets & Traffic,2662,1915
2020-07-01 00:00:00,Taxes & Property,3644,102
2020-08-01 00:00:00,Animals,1526,200
2020-08-01 00:00:00,"Clerk, DMV & Elections",6914,390
2020-08-01 00:00:00,Encampments,302,24
2020-08-01 00:00:00,General Information,6343,1188
2020-08-01 00:00:00,Licensing & Permits,2431,1034
2020-08-01 00:00:00,Neighborhood Inspection,2241,1255
2020-08-01 00:00:00,Other,1,0
2020-08-01 00:00:00,Parking & Vehicles,1654,622
2020-08-01 00:00:00,Parks & Trees,805,440
2020-08-01 00:00:00,Public Health & Noise,1162,672
2020-08-01 00:00:00,Public Safety (non-emergency),1252,66
2020-08-01 00:00:00,Solid Waste,3231,2256
2020-08-01 00:00:00,Streets & Traffic,3154,1882
2020-08-01 00:00:00,Taxes & Property,3212,133
2020-09-01 00:00:00,Animals,1311,206
2020-09-01 00:00:00,"Clerk, DMV & Elections",8210,520
2020-09-01 00:00:00,Encampments,234,13
2020-09-01 00:00:00,General Information,5657,995
2020-09-01 00:00:00,Licensing & Permits,2431,1029
2020-09-01 00:00:00,Neighborhood Inspection,2302,1044
2020-09-01 00:00:00,Other,1,0
2020-09-01 00:00:00,Parking & Vehicles,1534,534
2020-09-01 00:00:00,Parks & Trees,607,283
2020-09-01 00:00:00,Public Health & Noise,895,509
2020-09-01 00:00:00,Public Safety (non-emergency),1065,29
2020-09-01 00:00:00,Solid Waste,50,30
2020-09-01 00:00:00,Streets & Traffic,2385,1540
2020-09-01 00:00:00,Taxes & Property,2483,79
2020-10-01 00:00:00,Animals,1326,179
2020-10-01 00:00:00,"Clerk, DMV & Elections",14976,319
2020-10-01 00:00:00,Encampments,178,7
2020-10-01 00:00:00,General Information,5987,763
2020-10-01 00:00:00,Licensing & Permits,2441,1105
2020-10-01 00:00:00,Neighborhood Inspection,2307,993
2020-10-01 00:00:00,Parking & Vehicles,1573,594
2020-10-01 00:00:00,Parks & Trees,398,160
2020-10-01 00:00:00,Public Health & Noise,1100,632
2020-10-01 00:00:00,Public Safety (non-emergency),957,16
2020-10-01 00:00:00,Solid Waste,42,27
2020-10-01 00:00:00,Streets & Traffic,2316,1470
2020-10-01 00:00:00,Taxes & Property,3936,55
2020-11-01 00:00:00,Animals,1053,139
2020-11-01 00:00:00,"Clerk, DMV & Elections",6333,108
2020-11-01 00:00:00,Encampments,192,8
2020-11-01 00:00:00,General Information,5201,758
2020-11-01 00:00:00,Licensing & Permits,1891,829
2020-11-01 00:00:00,Neighborhood Inspection,1795,690
2020-11-01 00:00:00,Parking & Vehicles,1254,439
2020-11-01 00:00:00,Parks & Trees,295,114
2020-11-01 00:00:00,Public Health & Noise,1138,713
2020-11-01 00:00:00,Public Safety (non-emergency),889,18
2020-11-01 00:00:00,Solid Waste,34,18
2020-11-01 00:00:00,Streets & Traffic,1791,1088
2020-11-01 00:00:00,Taxes & Property,3791,36
2020-12-01 00:00:00,Animals,1244,141
2020-12-01 00:00:00,"Clerk, DMV & Elections",6081,122
2020-12-01 00:00:00,Encampments,270,29
2020-12-01 00:00:00,General Information,5615,824
2020-12-01 00:00:00,Licensing & Permits,2199,1055
2020-12-01 00:00:00,Neighborhood Inspection,2636,1807
2020-12-01 00:00:00,Parking & Vehicles,1333,395
2020-12-01 00:00:00,Parks & Trees,217,94
2020-12-01 00:00:00,Public Health & Noise,796,402
2020-12-01 00:00:00,Public Safety (non-emergency),947,16
2020-12-01 00:00:00,Solid Waste,33,20
2020-12-01 00:00:00,Streets & Traffic,1500,1027
2020-12-01 00:00:00,Taxes & Property,4860,36
2021-01-01 00:00:00,Animals,1118,147
2021-01-01 00:00:00,"Clerk, DMV & Elections",5272,107
2021-01-01 00:00:00,Encampments,277,16
2021-01-01 00:00:00,General Information,5537,817
2021-01-01 00:00:00,Licensing & Permits,2508,1220
2021-01-01 00:00:00,Neighborhood Inspection,1768,1016
2021-01-01 00:00:00,Other,43,0
2021-01-01 00:00:00,Parking & Vehicles,1263,426
2021-01-01 00:00:00,Parks & Trees,219,93
2021-01-01 00:00:00,Public Health & Noise,684,379
2021-01-01 00:00:00,Public Safety (non-emergency),1156,25
2021-01-01 00:00:00,Solid Waste,54,29
2021-01-01 00:00:00,Streets & Traffic,1668,1217
2021-01-01 00:00:00,Taxes & Property,6176,30
2021-02-01 00:00:00,Animals,1208,122
2021-02-01 00:00:00,"Clerk, DMV & Elections",4359,86
2021-02-01 00:00:00,Encampments,310,46
2021-02-01 00:00:00,General Information,4887,685
2021-02-01 00:00:00,Licensing & Permits,2821,740
2021-02-01 00:00:00,Neighborhood Inspection,1901,1060
2021-02-01 00:00:00,Parking & Vehicles,1316,455
2021-02-01 00:00:00,Parks & Trees,224,88
2021-02-01 00:00:00,Public Health & Noise,667,359
2021-02-01 00:00:00,Public Safety (non-emergency),1053,15
2021-02-01 00:00:00,Solid Waste,51,31
2021-02-01 00:00:00,Streets & Traffic,1459,947
2021-02-01 00:00:00,Taxes & Property,5973,69
2021-03-01 00:00:00,Animals,1347,170
2021-03-01 00:00:00,"Clerk, DMV & Elections",4951,158
2021-03-01 00:00:00,Encampments,923,161
2021-03-01 00:00:00,General Information,6406,667
2021-03-01 00:00:00,Licensing & Permits,3233,809
2021-03-01 00:00:00,Neighborhood Inspection,2540,1386
2021-03-01 00:00:00,Parking & Vehicles,1442,514
2021-03-01 00:00:00,Parks & Trees,458,195
2021-03-01 00:00:00,Public Health & Noise,732,388
2021-03-01 00:00:00,Public Safety (non-emergency),1332,15
2021-03-01 00:00:00,Solid Waste,62,28
2021-03-01 00:00:00,Streets & Traffic,2701,1688
2021-03-01 00:00:00,Taxes & Property,5817,56
2021-04-01 00:00:00,Animals,1342,169
2021-04-01 00:00:00,"Clerk, DMV & Elections",4870,125
2021-04-01 00:00:00,Encampments,1311,185
2021-04-01 00:00:00,General Information,5569,512
2021-04-01 00:00:00,Licensing & Permits,3181,732
2021-04-01 00:00:00,Neighborhood Inspection,1526,684
2021-04-01 00:00:00,Parking & Vehicles,1597,569
2021-04-01 00:00:00,Parks & Trees,836,436
2021-04-01 00:00:00,Public Health & Noise,776,427
2021-04-01 00:00:00,Public Safety (non-emergency),1224,24
2021-04-01 00:00:00,Solid Waste,62,32
2021-04-01 00:00:00,Streets & Traffic,2936,1602
2021-04-01 00:00:00,Taxes & Property,4888,70
2021-05-01 00:00:00,Animals,1291,207
2021-05-01 00:00:00,"Clerk, DMV & Elections",4889,127
2021-05-01 00:00:00,Encampments,1669,873
2021-05-01 00:00:00,General Information,5362,468
2021-05-01 00:00:00,Licensing & Permits,3048,710
2021-05-01 00:00:00,Neighborhood Inspection,1976,1348
2021-05-01 00:00:00,Parking & Vehicles,1930,589
2021-05-01 00:00:00,Parks & Trees,739,312
2021-05-01 00:00:00,Public Health & Noise,806,384
2021-05-01 00:00:00,Public Safety (non-emergency),1269,16
2021-05-01 00:00:00,Solid Waste,51,26
2021-05-01 00:00:00,Streets & Traffic,2514,1619
2021-05-01 00:00:00,Taxes & Property,4236,63
2021-06-01 00:00:00,Animals,1275,183
2021-06-01 00:00:00,"Clerk, DMV & Elections",5050,140
2021-06-01 00:00:00,Encampments,3590,3448
2021-06-01 00:00:00,General Information,5341,584
2021-06-01 00:00:00,Licensing & Permits,3291,821
2021-06-01 00:00:00,Neighborhood Inspection,2646,1759
2021-06-01 00:00:00,Parking & Vehicles,2001,563
2021-06-01 00:00:00,Parks & Trees,1088,538
2021-06-01 00:00:00,Public Health & Noise,876,444
2021-06-01 00:00:00,Public Safety (non-emergency),1508,24
2021-06-01 00:00:00,Solid Waste,82,52
2021-06-01 00:00:00,Streets & Traffic,2649,1708
2021-06-01 00:00:00,Taxes & Property,4940,71
2021-07-01 00:00:00,Animals,1056,154
2021-07-01 00:00:00,"Clerk, DMV & Elections",4493,123
2021-07-01 00:00:00,Encampments,2028,1918
2021-07-01 00:00:00,General Information,5249,545
2021-07-01 00:00:00,Licensing & Permits,2862,718
2021-07-01 00:00:00,Neighborhood Inspection,2436,1678
2021-07-01 00:00:00,Parking & Vehicles,1783,520
2021-07-01 00:00:00,Parks & Trees,794,458
2021-07-01 00:00:00,Public Health & Noise,634,321
2021-07-01 00:00:00,Public Safety (non-emergency),1751,33
2021-07-01 00:00:00,Solid Waste,44,27
2021-07-01 00:00:00,Streets & Traffic,2419,1614
2021-07-01 00:00:00,Taxes & Property,4424,89
2021-08-01 00:00:00,Animals,1373,189
2021-08-01 00:00:00,"Clerk, DMV & Elections",5924,143
2021-08-01 00:00:00,Encampments,2108,2040
2021-08-01 00:00:00,General Information,6293,784
2021-08-01 00:00:00,Licensing & Permits,3333,739
2021-08-01 00:00:00,Neighborhood Inspection,2405,1543
2021-08-01 00:00:00,Parking & Vehicles,2028,626
2021-08-01 00:00:00,Parks & Trees,770,425
2021-08-01 00:00:00,Public Health & Noise,767,374
2021-08-01 00:00:00,Public Safety (non-emergency),1231,32
2021-08-01 00:00:00,Solid Waste,79,49
2021-08-01 00:00:00,Streets & Traffic,2764,1803
2021-08-01 00:00:00,Taxes & Property,3246,81
2021-09-01 00:00:00,Animals,1357,215
2021-09-01 00:00:00,"Clerk, DMV & Elections",5208,133
2021-09-01 00:00:00,Encampments,2764,2699
2021-09-01 00:00:00,General Information,5819,711
2021-09-01 00:00:00,Licensing & Permits,3073,746
2021-09-01 00:00:00,Neighborhood Inspection,1771,1106
2021-09-01 00:00:00,Parking & Vehicles,2041,634
2021-09-01 00:00:00,Parks & Trees,727,403
2021-09-01 00:00:00,Public Health & Noise,761,400
2021-09-01 00:00:00,Public Safety (non-emergency),1497,59
2021-09-01 00:00:00,Solid Waste,49,33
2021-09-01 00:00:00,Streets & Traffic,2466,1618
2021-09-01 00:00:00,Taxes & Property,2659,55
2021-10-01 00:00:00,Animals,1242,216
2021-10-01 00:00:00,"Clerk, DMV & Elections",6719,136
2021-10-01 00:00:00,Encampments,2087,1983
2021-10-01 00:00:00,General Information,5258,581
2021-10-01 00:00:00,Licensing & Permits,2742,659
2021-10-01 00:00:00,Neighborhood Inspection,1258,784
2021-10-01 00:00:00,Parking & Vehicles,1877,558
2021-10-01 00:00:00,Parks & Trees,414,221
2021-10-01 00:00:00,Public Health & Noise,704,335
2021-10-01 00:00:00,Public Safety (non-emergency),1693,74
2021-10-01 00:00:00,Solid Waste,43,34
2021-10-01 00:00:00,Streets & Traffic,2092,1411
2021-10-01 00:00:00,Taxes & Property,3124,50
2021-11-01 00:00:00,Animals,1186,158
2021-11-01 00:00:00,"Clerk, DMV & Elections",4847,113
2021-11-01 00:00:00,Encampments,1820,1647
2021-11-01 00:00:00,General Information,5502,595
2021-11-01 00:00:00,Licensing & Permits,2697,645
2021-11-01 00:00:00,Neighborhood Inspection,1104,659
2021-11-01 00:00:00,Parking & Vehicles,1653,494
2021-11-01 00:00:00,Parks & Trees,385,175
2021-11-01 00:00:00,Public Health & Noise,814,435
2021-11-01 00:00:00,Public Safety (non-emergency),1577,74
2021-11-01 00:00:00,Solid Waste,37,23
2021-11-01 00:00:00,Streets & Traffic,1662,1026
2021-11-01 00:00:00,Taxes & Property,2496,32
2021-12-01 00:00:00,Animals,1176,177
2021-12-01 00:00:00,"Clerk, DMV & Elections",3968,124
2021-12-01 00:00:00,Encampments,2036,1880
2021-12-01 00:00:00,General Information,5592,555
2021-12-01 00:00:00,Licensing & Permits,2665,554
2021-12-01 00:00:00,Neighborhood Inspection,916,533
2021-12-01 00:00:00,Parking & Vehicles,1661,416
2021-12-01 00:00:00,Parks & Trees,286,156
2021-12-01 00:00:00,Public Health & Noise,944,586
2021-12-01 00:00:00,Public Safety (non-emergency),1519,64
2021-12-01 00:00:00,Solid Waste,33,19
2021-12-01 00:00:00,Streets & Traffic,1467,970
2021-12-01 00:00:00,Taxes & Property,2690,33
2022-01-01 00:00:00,Animals,827,152
2022-01-01 00:00:00,"Clerk, DMV & Elections",4111,114
2022-01-01 00:00:00,Encampments,1677,1479
2022-01-01 00:00:00,General Information,5176,605
2022-01-01 00:00:00,Licensing & Permits,2660,660
2022-01-01 00:00:00,Neighborhood Inspection,2745,2153
2022-01-01 00:00:00,Parking & Vehicles,1688,457
2022-01-01 00:00:00,Parks & Trees,199,102
2022-01-01 00:00:00,Public Health & Noise,730,398
2022-01-01 00:00:00,Public Safety (non-emergency),1312,119
2022-01-01 00:00:00,Solid Waste,46,25
2022-01-01 00:00:00,Streets & Traffic,1867,1325
2022-01-01 00:00:00,Taxes & Property,3707,36
2022-02-01 00:00:00,Animals,812,121
2022-02-01 00:00:00,"Clerk, DMV & Elections",4188,101
2022-02-01 00:00:00,Encampments,1498,1327
2022-02-01 00:00:00,General Information,4905,638
2022-02-01 00:00:00,Licensing & Permits,2602,527
2022-02-01 00:00:00,Neighborhood Inspection,2632,1977
2022-02-01 00:00:00,Parking & Vehicles,1775,512
2022-02-01 00:00:00,Parks & Trees,235,81
2022-02-01 00:00:00,Public Health & Noise,585,277
2022-02-01 00:00:00,Public Safety (non-emergency),1294,73
2022-02-01 00:00:00,Solid Waste,47,27
2022-02-01 00:00:00,Streets & Traffic,2704,1728
2022-02-01 00:00:00,Taxes & Property,6474,59
2022-03-01 00:00:00,Animals,1241,170
2022-03-01 00:00:00,"Clerk, DMV & Elections",4973,134
2022-03-01 00:00:00,Encampments,1757,1542
2022-03-01 00:00:00,General Information,5536,679
2022-03-01 00:00:00,Licensing & Permits,3508,783
2022-03-01 00:00:00,Neighborhood Inspection,1538,1006
2022-03-01 00:00:00,Parking & Vehicles,2124,599
2022-03-01 00:00:00,Parks & Trees,428,181
2022-03-01 00:00:00,Public Health & Noise,623,292
2022-03-01 00:00:00,Public Safety (non-emergency),1696,137
2022-03-01 00:00:00,Solid Waste,70,39
2022-03-01 00:00:00,Streets & Traffic,2939,1774
2022-03-01 00:00:00,Taxes & Property,4612,31
2022-04-01 00:00:00,Animals,1083,164
2022-04-01 00:00:00,"Clerk, DMV & Elections",3945,103
2022-04-01 00:00:00,Encampments,2257,2019
2022-04-01 00:00:00,General Information,5435,697
2022-04-01 00:00:00,Licensing & Permits,3188,685
2022-04-01 00:00:00,Neighborhood Inspection,1133,676
2022-04-01 00:00:00,Parking & Vehicles,2111,605
2022-04-01 00:00:00,Parks & Trees,574,271
2022-04-01 00:00:00,Public Health & Noise,1007,262
2022-04-01 00:00:00,Public Safety (non-emergency),3875,356
2022-04-01 00:00:00,Solid Waste,54,28
2022-04-01 00:00:00,Streets & Traffic,2378,1562
2022-04-01 00:00:00,Taxes & Property,4064,64
2022-05-01 00:00:00,Animals,1368,202
2022-05-01 00:00:00,"Clerk, DMV & Elections",4002,94
2022-05-01 00:00:00,Encampments,2679,2381
2022-05-01 00:00:00,General Information,5632,791
2022-05-01 00:00:00,Licensing & Permits,3258,736
2022-05-01 00:00:00,Neighborhood Inspection,1420,887
2022-05-01 00:00:00,Parking & Vehicles,2446,646
2022-05-01 00:00:00,Parks & Trees,781,423
2022-05-01 00:00:00,Public Health & Noise,681,352
2022-05-01 00:00:00,Public Safety (non-emergency),7467,1034
2022-05-01 00:00:00,Solid Waste,43,21
2022-05-01 00:00:00,Streets & Traffic,2189,1576
2022-05-01 00:00:00,Taxes & Property,3509,57
2022-06-01 00:00:00,Animals,1358,184
2022-06-01 00:00:00,"Clerk, DMV & Elections",4952,133
2022-06-01 00:00:00,Encampments,3106,2812
2022-06-01 00:00:00,General Information,5393,855
2022-06-01 00:00:00,Licensing & Permits,3378,735
2022-06-01 00:00:00,Neighborhood Inspection,2469,1772
2022-06-01 00:00:00,Parking & Vehicles,2600,614
2022-06-01 00:00:00,Parks & Trees,1055,425
2022-06-01 00:00:00,Public Health & Noise,681,351
2022-06-01 00:00:00,Public Safety (non-emergency),7715,1308
2022-06-01 00:00:00,Solid Waste,56,29
2022-06-01 00:00:00,Streets & Traffic,2213,1572
2022-06-01 00:00:00,Taxes & Property,3877,87
2022-07-01 00:00:00,Animals,1138,168
2022-07-01 00:00:00,"Clerk, DMV & Elections",3716,78
2022-07-01 00:00:00,Encampments,2976,2619
2022-07-01 00:00:00,General Information,5621,840
2022-07-01 00:00:00,Licensing & Permits,3381,619
2022-07-01 00:00:00,Neighborhood Inspection,2251,1543
2022-07-01 00:00:00,Parking & Vehicles,2468,515
2022-07-01 00:00:00,Parks & Trees,868,413
2022-07-01 00:00:00,Public Health & Noise,618,300
2022-07-01 00:00:00,Public Safety (non-emergency),9059,1407
2022-07-01 00:00:00,Solid Waste,63,37
2022-07-01 00:00:00,Streets & Traffic,1948,1522
2022-07-01 00:00:00,Taxes & Property,3295,58
2022-08-01 00:00:00,Animals,1103,184
2022-08-01 00:00:00,"Clerk, DMV & Elections",4477,74
2022-08-01 00:00:00,Encampments,2539,2280
2022-08-01 00:00:00,General Information,5921,891
2022-08-01 00:00:00,Licensing & Permits,3728,798
2022-08-01 00:00:00,Neighborhood Inspection,2545,1698
2022-08-01 00:00:00,Parking & Vehicles,2809,666
2022-08-01 00:00:00,Parks & Trees,740,434
2022-08-01 00:00:00,Public Health & Noise,706,330
2022-08-01 00:00:00,Public Safety (non-emergency),9260,1554
2022-08-01 00:00:00,Solid Waste,61,33
2022-08-01 00:00:00,Streets & Traffic,2350,1763
2022-08-01 00:00:00,Taxes & Property,2867,75
2022-09-01 00:00:00,Animals,1053,149
2022-09-01 00:00:00,"Clerk, DMV & Elections",5699,59
2022-09-01 00:00:00,Encampments,2437,2174
2022-09-01 00:00:00,General Information,5727,920
2022-09-01 00:00:00,Licensing & Permits,3299,751
2022-09-01 00:00:00,Neighborhood Inspection,1892,1289
2022-09-01 00:00:00,Parking & Vehicles,2557,655
2022-09-01 00:00:00,Parks & Trees,503,257
2022-09-01 00:00:00,Public Health & Noise,673,391
2022-09-01 00:00:00,Public Safety (non-emergency),8675,1294
2022-09-01 00:00:00,Solid Waste,44,23
2022-09-01 00:00:00,Streets & Traffic,2186,1659
2022-09-01 00:00:00,Taxes & Property,2214,59
2022-10-01 00:00:00,Animals,1205,180
2022-10-01 00:00:00,"Clerk, DMV & Elections",7736,98
2022-10-01 00:00:00,Encampments,2428,2147
2022-10-01 00:00:00,General Information,5818,845
2022-10-01 00:00:00,Licensing & Permits,3108,755
2022-10-01 00:00:00,Neighborhood Inspection,1716,1160
2022-10-01 00:00:00,Parking & Vehicles,2441,585
2022-10-01 00:00:00,Parks & Trees,445,193
2022-10-01 00:00:00,Public Health & Noise,672,338
2022-10-01 00:00:00,Public Safety (non-emergency),9986,1722
2022-10-01 00:00:00,Solid Waste,154,22
2022-10-01 00:00:00,Streets & Traffic,2110,1525
2022-10-01 00:00:00,Taxes & Property,2307,31
2022-11-01 00:00:00,Animals,1067,118
2022-11-01 00:00:00,"Clerk, DMV & Elections",7095,70
2022-11-01 00:00:00,Encampments,1706,1522
2022-11-01 00:00:00,General Information,5732,879
2022-11-01 00:00:00,Licensing & Permits,2983,796
2022-11-01 00:00:00,Neighborhood Inspection,1541,1139
2022-11-01 00:00:00,Other,1,0
2022-11-01 00:00:00,Parking & Vehicles,2189,469
2022-11-01 00:00:00,Parks & Trees,270,101
2022-11-01 00:00:00,Public Health & Noise,561,255
2022-11-01 00:00:00,Public Safety (non-emergency),9841,1783
2022-11-01 00:00:00,Solid Waste,745,66
2022-11-01 00:00:00,Streets & Traffic,1990,1183
2022-11-01 00:00:00,Taxes & Property,2169,28
2022-12-01 00:00:00,Animals,1175,143
2022-12-01 00:00:00,"Clerk, DMV & Elections",4830,50
2022-12-01 00:00:00,Encampments,1515,1385
2022-12-01 00:00:00,General Information,6498,907
2022-12-01 00:00:00,Licensing & Permits,2969,701
2022-12-01 00:00:00,Neighborhood Inspection,2052,1637
2022-12-01 00:00:00,Parking & Vehicles,1673,411
2022-12-01 00:00:00,Parks & Trees,437,245
2022-12-01 00:00:00,Public Health & Noise,544,267
2022-12-01 00:00:00,Public Safety (non-emergency),9238,1639
2022-12-01 00:00:00,Solid Waste,834,84
2022-12-01 00:00:00,Streets & Traffic,2477,1275
2022-12-01 00:00:00,Taxes & Property,2149,36
2023-01-01 00:00:00,Animals,811,134
2023-01-01 00:00:00,"Clerk, DMV & Elections",4767,39
2023-01-01 00:00:00,Encampments,1478,1376
2023-01-01 00:00:00,General Information,5742,900
2023-01-01 00:00:00,Licensing & Permits,2917,720
2023-01-01 00:00:00,Neighborhood Inspection,6177,4905
2023-01-01 00:00:00,Parking & Vehicles,1762,537
2023-01-01 00:00:00,Parks & Trees,415,195
2023-01-01 00:00:00,Public Health & Noise,468,252
2023-01-01 00:00:00,Public Safety (non-emergency),9675,1947
2023-01-01 00:00:00,Solid Waste,737,84
2023-01-01 00:00:00,Streets & Traffic,4368,2295
2023-01-01 00:00:00,Taxes & Property,3902,62
2023-02-01 00:00:00,Animals,801,149
2023-02-01 00:00:00,"Clerk, DMV & Elections",4602,26
2023-02-01 00:00:00,Encampments,1512,1366
2023-02-01 00:00:00,General Information,5382,829
2023-02-01 00:00:00,Licensing & Permits,2953,748
2023-02-01 00:00:00,Neighborhood Inspection,2263,1659
2023-02-01 00:00:00,Other,2,0
2023-02-01 00:00:00,Parking & Vehicles,1729,563
2023-02-01 00:00:00,Parks & Trees,296,106
2023-02-01 00:00:00,Public Health & Noise,528,299
2023-02-01 00:00:00,Public Safety (non-emergency),9293,2215
2023-02-01 00:00:00,Solid Waste,501,50
2023-02-01 00:00:00,Streets & Traffic,3849,1762
2023-02-01 00:00:00,Taxes & Property,4511,63
2023-03-01 00:00:00,Animals,901,197
2023-03-01 00:00:00,"Clerk, DMV & Elections",5619,51
2023-03-01 00:00:00,Encampments,3433,3231
2023-03-01 00:00:00,General Information,7048,1513
2023-03-01 00:00:00,Licensing & Permits,3104,771
2023-03-01 00:00:00,Neighborhood Inspection,1318,912
2023-03-01 00:00:00,Parking & Vehicles,2967,1522
2023-03-01 00:00:00,Parks & Trees,451,167
2023-03-01 00:00:00,Public Health & Noise,492,278
2023-03-01 00:00:00,Public Safety (non-emergency),10280,2462
2023-03-01 00:00:00,Solid Waste,907,55
2023-03-01 00:00:00,Streets & Traffic,3925,1752
2023-03-01 00:00:00,Taxes & Property,3446,45
2023-04-01 00:00:00,Animals,970,155
2023-04-01 00:00:00,"Clerk, DMV & Elections",4991,33
2023-04-01 00:00:00,Encampments,2107,1898
2023-04-01 00:00:00,General Information,5732,809
2023-04-01 00:00:00,Licensing & Permits,3484,945
2023-04-01 00:00:00,Neighborhood Inspection,1125,758
2023-04-01 00:00:00,Parking & Vehicles,2089,998
2023-04-01 00:00:00,Parks & Trees,423,175
2023-04-01 00:00:00,Public Health & Noise,523,267
2023-04-01 00:00:00,Public Safety (non-emergency),10268,2354
2023-04-01 00:00:00,Solid Waste,725,54
2023-04-01 00:00:00,Streets & Traffic,2644,1424
2023-04-01 00:00:00,Taxes & Property,3440,70
2023-05-01 00:00:00,Animals,1149,185
2023-05-01 00:00:00,"Clerk, DMV & Elections",5205,64
2023-05-01 00:00:00,Encampments,2114,1893
2023-05-01 00:00:00,General Information,6257,920
2023-05-01 00:00:00,Licensing & Permits,3670,964
2023-05-01 00:00:00,Neighborhood Inspection,2121,1581
2023-05-01 00:00:00,Parking & Vehicles,2211,985
2023-05-01 00:00:00,Parks & Trees,472,232
2023-05-01 00:00:00,Public Health & Noise,633,307
2023-05-01 00:00:00,Public Safety (non-emergency),11581,2791
2023-05-01 00:00:00,Solid Waste,734,68
2023-05-01 00:00:00,Streets & Traffic,2872,1777
2023-05-01 00:00:00,Taxes & Property,3942,104
2023-06-01 00:00:00,Animals,1047,194
2023-06-01 00:00:00,"Clerk, DMV & Elections",3963,69
2023-06-01 00:00:00,Encampments,2149,1864
2023-06-01 00:00:00,General Information,5830,873
2023-06-01 00:00:00,Licensing & Permits,3553,919
2023-06-01 00:00:00,Neighborhood Inspection,3016,2252
2023-06-01 00:00:00,Parking & Vehicles,2025,816
2023-06-01 00:00:00,Parks & Trees,608,293
2023-06-01 00:00:00,Public Health & Noise,637,328
2023-06-01 00:00:00,Public Safety (non-emergency),10789,2543
2023-06-01 00:00:00,Solid Waste,737,71
2023-06-01 00:00:00,Streets & Traffic,2895,1829
2023-06-01 00:00:00,Taxes & Property,3822,113
2023-07-01 00:00:00,Animals,1076,176
2023-07-01 00:00:00,"Clerk, DMV & Elections",3742,63
2023-07-01 00:00:00,Encampments,2086,1822
2023-07-01 00:00:00,General Information,6743,1135
2023-07-01 00:00:00,Licensing & Permits,3357,992
2023-07-01 00:00:00,Neighborhood Inspection,2698,2100
2023-07-01 00:00:00,Parking & Vehicles,2081,943
2023-07-01 00:00:00,Parks & Trees,680,405
2023-07-01 00:00:00,Public Health & Noise,722,381
2023-07-01 00:00:00,Public Safety (non-emergency),11632,2638
2023-07-01 00:00:00,Solid Waste,648,92
2023-07-01 00:00:00,Streets & Traffic,2724,1857
2023-07-01 00:00:00,Taxes & Property,2653,94
2023-08-01 00:00:00,Animals,1198,207
2023-08-01 00:00:00,"Clerk, DMV & Elections",3589,48
2023-08-01 00:00:00,Encampments,2142,203
2023-08-01 00:00:00,General Information,7435,1350
2023-08-01 00:00:00,Licensing & Permits,3736,1128
2023-08-01 00:00:00,Neighborhood Inspection,2729,1933
2023-08-01 00:00:00,Parking & Vehicles,2113,883
2023-08-01 00:00:00,Parks & Trees,587,336
2023-08-01 00:00:00,Public Health & Noise,758,406
2023-08-01 00:00:00,Public Safety (non-emergency),12141,3375
2023-08-01 00:00:00,Solid Waste,698,77
2023-08-01 00:00:00,Streets & Traffic,3035,1899
2023-08-01 00:00:00,Taxes & Property,2482,94
2023-09-01 00:00:00,Animals,952,205
2023-09-01 00:00:00,"Clerk, DMV & Elections",3123,66
2023-09-01 00:00:00,Encampments,2065,984
2023-09-01 00:00:00,General Information,6401,1071
2023-09-01 00:00:00,Licensing & Permits,3292,946
2023-09-01 00:00:00,Neighborhood Inspection,1924,1320
2023-09-01 00:00:00,Parking & Vehicles,2133,902
2023-09-01 00:00:00,Parks & Trees,463,246
2023-09-01 00:00:00,Public Health & Noise,691,368
2023-09-01 00:00:00,Public Safety (non-emergency),10980,3157
2023-09-01 00:00:00,Solid Waste,505,72
2023-09-01 00:00:00,Streets & Traffic,2598,1693
2023-09-01 00:00:00,Taxes & Property,1814,93
2023-10-01 00:00:00,Animals,1187,203
2023-10-01 00:00:00,"Clerk, DMV & Elections",4492,80
2023-10-01 00:00:00,Encampments,1969,1
2023-10-01 00:00:00,General Information,7506,1216
2023-10-01 00:00:00,Licensing & Permits,3703,1038
2023-10-01 00:00:00,Neighborhood Inspection,1718,1197
2023-10-01 00:00:00,Other,1,0
2023-10-01 00:00:00,Parking & Vehicles,2225,939
2023-10-01 00:00:00,Parks & Trees,337,186
2023-10-01 00:00:00,Public Health & Noise,707,364
2023-10-01 00:00:00,Public Safety (non-emergency),10414,2947
2023-10-01 00:00:00,Solid Waste,577,65
2023-10-01 00:00:00,Streets & Traffic,2358,1506
2023-10-01 00:00:00,Taxes & Property,2110,124
2023-11-01 00:00:00,Animals,1032,162
2023-11-01 00:00:00,"Clerk, DMV & Elections",3707,66
2023-11-01 00:00:00,Encampments,1468,1
2023-11-01 00:00:00,General Information,7073,901
2023-11-01 00:00:00,Licensing & Permits,3435,871
2023-11-01 00:00:00,Neighborhood Inspection,1266,841
2023-11-01 00:00:00,Other,3,0
2023-11-01 00:00:00,Parking & Vehicles,1902,775
2023-11-01 00:00:00,Parks & Trees,257,96
2023-11-01 00:00:00,Public Health & Noise,1000,281
2023-11-01 00:00:00,Public Safety (non-emergency),9146,2669
2023-11-01 00:00:00,Solid Waste,650,55
2023-11-01 00:00:00,Streets & Traffic,2200,1366
2023-11-01 00:00:00,Taxes & Property,1783,98
2023-12-01 00:00:00,Animals,1030,154
2023-12-01 00:00:00,"Clerk, DMV & Elections",3070,33
2023-12-01 00:00:00,Encampments,1137,6
2023-12-01 00:00:00,General Information,6761,852
2023-12-01 00:00:00,Licensing & Permits,3083,757
2023-12-01 00:00:00,Neighborhood Inspection,1430,1046
2023-12-01 00:00:00,Parking & Vehicles,1687,627
2023-12-01 00:00:00,Parks & Trees,177,60
2023-12-01 00:00:00,Public Health & Noise,819,250
2023-12-01 00:00:00,Public Safety (non-emergency),8682,2702
2023-12-01 00:00:00,Solid Waste,616,56
2023-12-01 00:00:00,Streets & Traffic,1729,1160
2023-12-01 00:00:00,Taxes & Property,1804,86
2024-01-01 00:00:00,Animals,1114,134
2024-01-01 00:00:00,"Clerk, DMV & Elections",3938,25
2024-01-01 00:00:00,Encampments,936,4
2024-01-01 00:00:00,General Information,8734,949
2024-01-01 00:00:00,Licensing & Permits,3560,1012
2024-01-01 00:00:00,Neighborhood Inspection,2147,1662
2024-01-01 00:00:00,Other,1,0
2024-01-01 00:00:00,Parking & Vehicles,1753,612
2024-01-01 00:00:00,Parks & Trees,248,91
2024-01-01 00:00:00,Public Health & Noise,988,308
2024-01-01 00:00:00,Public Safety (non-emergency),9003,2725
2024-01-01 00:00:00,Solid Waste,640,72
2024-01-01 00:00:00,Streets & Traffic,1888,1151
2024-01-01 00:00:00,Taxes & Property,2724,108
2024-02-01 00:00:00,Animals,1053,139
2024-02-01 00:00:00,"Clerk, DMV & Elections",4649,32
2024-02-01 00:00:00,Encampments,819,2
2024-02-01 00:00:00,General Information,8228,832
2024-02-01 00:00:00,Licensing & Permits,3460,979
2024-02-01 00:00:00,Neighborhood Inspection,2196,1666
2024-02-01 00:00:00,Parking & Vehicles,1679,553
2024-02-01 00:00:00,Parks & Trees,318,74
2024-02-01 00:00:00,Public Health & Noise,816,268
2024-02-01 00:00:00,Public Safety (non-emergency),8794,2644
2024-02-01 00:00:00,Solid Waste,591,64
2024-02-01 00:00:00,Streets & Traffic,2332,1372
2024-02-01 00:00:00,Taxes & Property,6904,230
2024-03-01 00:00:00,Animals,917,133
2024-03-01 00:00:00,"Clerk, DMV & Elections",4333,37
2024-03-01 00:00:00,Encampments,919,2
2024-03-01 00:00:00,General Information,8433,847
2024-03-01 00:00:00,Licensing & Permits,3406,902
2024-03-01 00:00:00,Neighborhood Inspection,1257,820
2024-03-01 00:00:00,Parking & Vehicles,1756,619
2024-03-01 00:00:00,Parks & Trees,502,263
2024-03-01 00:00:00,Public Health & Noise,907,297
2024-03-01 00:00:00,Public Safety (non-emergency),9172,2765
2024-03-01 00:00:00,Solid Waste,806,77
2024-03-01 00:00:00,Streets & Traffic,2365,1491
2024-03-01 00:00:00,Taxes & Property,3718,135
2024-04-01 00:00:00,Animals,1210,192
2024-04-01 00:00:00,"Clerk, DMV & Elections",4262,58
2024-04-01 00:00:00,Encampments,1037,1
2024-04-01 00:00:00,General Information,8913,898
2024-04-01 00:00:00,Licensing & Permits,3992,1064
2024-04-01 00:00:00,Neighborhood Inspection,1433,996
2024-04-01 00:00:00,Parking & Vehicles,2067,741
2024-04-01 00:00:00,Parks & Trees,524,187
2024-04-01 00:00:00,Public Health & Noise,1015,283
2024-04-01 00:00:00,Public Safety (non-emergency),9398,3198
2024-04-01 00:00:00,Solid Waste,1330,239
2024-04-01 00:00:00,Streets & Traffic,3161,1985
2024-04-01 00:00:00,Taxes & Property,3845,142
2024-05-01 00:00:00,Animals,1190,177
2024-05-01 00:00:00,"Clerk, DMV & Elections",3649,58
2024-05-01 00:00:00,Encampments,1197,2
2024-05-01 00:00:00,General Information,7542,903
2024-05-01 00:00:00,Licensing & Permits,4066,1034
2024-05-01 00:00:00,Neighborhood Inspection,2219,1643
2024-05-01 00:00:00,Parking & Vehicles,1992,700
2024-05-01 00:00:00,Parks & Trees,547,225
2024-05-01 00:00:00,Public Health & Noise,904,292
2024-05-01 00:00:00,Public Safety (non-emergency),9008,3066
2024-05-01 00:00:00,Solid Waste,1947,366
2024-05-01 00:00:00,Streets & Traffic,2637,1750
2024-05-01 00:00:00,Taxes & Property,2629,126
2024-06-01 00:00:00,Animals,1057,160
2024-06-01 00:00:00,"Clerk, DMV & Elections",3975,55
2024-06-01 00:00:00,Encampments,1088,0
2024-06-01 00:00:00,General Information,5704,612
2024-06-01 00:00:00,Licensing & Permits,3819,914
2024-06-01 00:00:00,Neighborhood Inspection,2286,1687
2024-06-01 00:00:00,Parking & Vehicles,1938,692
2024-06-01 00:00:00,Parks & Trees,940,537
2024-06-01 00:00:00,Public Health & Noise,674,320
2024-06-01 00:00:00,Public Safety (non-emergency),9011,2743
2024-06-01 00:00:00,Solid Waste,1386,202
2024-06-01 00:00:00,Streets & Traffic,2483,1477
2024-06-01 00:00:00,Taxes & Property,3182,119
2024-07-01 00:00:00,Animals,1175,144
2024-07-01 00:00:00,"Clerk, DMV & Elections",3777,68
2024-07-01 00:00:00,Encampments,1320,6
2024-07-01 00:00:00,General Information,5613,620
2024-07-01 00:00:00,Licensing & Permits,5275,1322
2024-07-01 00:00:00,Neighborhood Inspection,2431,1666
2024-07-01 00:00:00,Parking & Vehicles,1959,665
2024-07-01 00:00:00,Parks & Trees,793,473
2024-07-01 00:00:00,Public Health & Noise,801,371
2024-07-01 00:00:00,Public Safety (non-emergency),10691,3380
2024-07-01 00:00:00,Solid Waste,1074,153
2024-07-01 00:00:00,Streets & Traffic,2178,1412
2024-07-01 00:00:00,Taxes & Property,3391,158
2024-08-01 00:00:00,Animals,1294,139
2024-08-01 00:00:00,"Clerk, DMV & Elections",3588,55
2024-08-01 00:00:00,Encampments,1249,5
2024-08-01 00:00:00,General Information,5583,625
2024-08-01 00:00:00,Licensing & Permits,3807,902
2024-08-01 00:00:00,Neighborhood Inspection,2340,1588
2024-08-01 00:00:00,Parking & Vehicles,1825,621
2024-08-01 00:00:00,Parks & Trees,586,326
2024-08-01 00:00:00,Public Health & Noise,865,358
2024-08-01 00:00:00,Public Safety (non-emergency),8659,2919
2024-08-01 00:00:00,Solid Waste,958,118
2024-08-01 00:00:00,Streets & Traffic,2216,1352
2024-08-01 00:00:00,Taxes & Property,2766,143
2024-09-01 00:00:00,Animals,1217,142
2024-09-01 00:00:00,"Clerk, DMV & Elections",4266,50
2024-09-01 00:00:00,Encampments,1228,3
2024-09-01 00:00:00,General Information,5192,488
2024-09-01 00:00:00,Licensing & Permits,3392,767
2024-09-01 00:00:00,Neighborhood Inspection,1897,1218
2024-09-01 00:00:00,Parking & Vehicles,1922,637
2024-09-01 00:00:00,Parks & Trees,404,197
2024-09-01 00:00:00,Public Health & Noise,709,346
2024-09-01 00:00:00,Public Safety (non-emergency),8894,3290
2024-09-01 00:00:00,Solid Waste,1398,93
2024-09-01 00:00:00,Streets & Traffic,2094,1319
2024-09-01 00:00:00,Taxes & Property,2041,109
2024-10-01 00:00:00,Animals,1462,180
2024-10-01 00:00:00,"Clerk, DMV & Elections",9446,86
2024-10-01 00:00:00,Encampments,1062,5
2024-10-01 00:00:00,General Information,6515,514
2024-10-01 00:00:00,Licensing & Permits,3552,850
2024-10-01 00:00:00,Neighborhood Inspection,1658,1108
2024-10-01 00:00:00,Parking & Vehicles,1969,685
2024-10-01 00:00:00,Parks & Trees,365,150
2024-10-01 00:00:00,Public Health & Noise,789,330
2024-10-01 00:00:00,Public Safety (non-emergency),8424,3146
2024-10-01 00:00:00,Solid Waste,1895,120
2024-10-01 00:00:00,Streets & Traffic,2064,1325
2024-10-01 00:00:00,Taxes & Property,2321,113
2024-11-01 00:00:00,Animals,897,105
2024-11-01 00:00:00,"Clerk, DMV & Elections",4625,27
2024-11-01 00:00:00,Encampments,700,2
2024-11-01 00:00:00,General Information,6813,444
2024-11-01 00:00:00,Licensing & Permits,2921,649
2024-11-01 00:00:00,Neighborhood Inspection,1325,838
2024-11-01 00:00:00,Parking & Vehicles,1393,463
2024-11-01 00:00:00,Parks & Trees,403,238
2024-11-01 00:00:00,Public Health & Noise,490,204
2024-11-01 00:00:00,Public Safety (non-emergency),7524,2635
2024-11-01 00:00:00,Solid Waste,1307,63
2024-11-01 00:00:00,Streets & Traffic,1820,1143
2024-11-01 00:00:00,Taxes & Property,1694,74
2024-12-01 00:00:00,Animals,864,91
2024-12-01 00:00:00,"Clerk, DMV & Elections",4091,54
2024-12-01 00:00:00,Encampments,852,4
2024-12-01 00:00:00,General Information,5774,369
2024-12-01 00:00:00,Licensing & Permits,4221,830
2024-12-01 00:00:00,Neighborhood Inspection,1213,811
2024-12-01 00:00:00,Parking & Vehicles,1479,419
2024-12-01 00:00:00,Parks & Trees,223,77
2024-12-01 00:00:00,Public Health & Noise,584,232
2024-12-01 00:00:00,Public Safety (non-emergency),7877,2762
2024-12-01 00:00:00,Solid Waste,1585,127
2024-12-01 00:00:00,Streets & Traffic,1586,970
2024-12-01 00:00:00,Taxes & Property,2115,65
2025-01-01 00:00:00,Animals,1016,105
2025-01-01 00:00:00,"Clerk, DMV & Elections",5772,100
2025-01-01 00:00:00,Encampments,530,1
2025-01-01 00:00:00,General Information,5610,339
2025-01-01 00:00:00,Licensing & Permits,3806,863
2025-01-01 00:00:00,Neighborhood Inspection,3336,2531
2025-01-01 00:00:00,Parking & Vehicles,1741,542
2025-01-01 00:00:00,Parks & Trees,219,64
2025-01-01 00:00:00,Public Health & Noise,608,254
2025-01-01 00:00:00,Public Safety (non-emergency),8930,2835
2025-01-01 00:00:00,Solid Waste,2443,133
2025-01-01 00:00:00,Streets & Traffic,2185,1270
2025-01-01 00:00:00,Taxes & Property,4073,80
2025-02-01 00:00:00,Animals,932,136
2025-02-01 00:00:00,"Clerk, DMV & Elections",5015,63
2025-02-01 00:00:00,Encampments,467,2
2025-02-01 00:00:00,General Information,5123,324
2025-02-01 00:00:00,Licensing & Permits,3188,702
2025-02-01 00:00:00,Neighborhood Inspection,1459,1013
2025-02-01 00:00:00,Other,1,0
2025-02-01 00:00:00,Parking & Vehicles,1481,481
2025-02-01 00:00:00,Parks & Trees,206,57
2025-02-01 00:00:00,Public Health & Noise,544,210
2025-02-01 00:00:00,Public Safety (non-emergency),9026,2896
2025-02-01 00:00:00,Solid Waste,1976,118
2025-02-01 00:00:00,Streets & Traffic,2206,1102
2025-02-01 00:00:00,Taxes & Property,4685,95
2025-03-01 00:00:00,Animals,1052,139
2025-03-01 00:00:00,"Clerk, DMV & Elections",5154,67
2025-03-01 00:00:00,Encampments,767,1
2025-03-01 00:00:00,General Information,5602,372
2025-03-01 00:00:00,Licensing & Permits,3600,827
2025-03-01 00:00:00,Neighborhood Inspection,1262,816
2025-03-01 00:00:00,Parking & Vehicles,1622,624
2025-03-01 00:00:00,Parks & Trees,290,102
2025-03-01 00:00:00,Public Health & Noise,632,231
2025-03-01 00:00:00,Public Safety (non-emergency),10673,3632
2025-03-01 00:00:00,Solid Waste,1664,100
2025-03-01 00:00:00,Streets & Traffic,2469,1358
2025-03-01 00:00:00,Taxes & Property,3729,98
2025-04-01 00:00:00,Animals,1160,150
2025-04-01 00:00:00,"Clerk, DMV & Elections",4211,60
2025-04-01 00:00:00,Encampments,762,1
2025-04-01 00:00:00,General Information,6027,468
2025-04-01 00:00:00,Licensing & Permits,4663,959
2025-04-01 00:00:00,Neighborhood Inspection,1389,948
2025-04-01 00:00:00,Parking & Vehicles,1771,679
2025-04-01 00:00:00,Parks & Trees,390,140
2025-04-01 00:00:00,Public Health & Noise,645,248
2025-04-01 00:00:00,Public Safety (non-emergency),11913,3848
2025-04-01 00:00:00,Solid Waste,1618,107
2025-04-01 00:00:00,Streets & Traffic,2857,1510
2025-04-01 00:00:00,Taxes & Property,3970,135
2025-05-01 00:00:00,Animals,1248,144
2025-05-01 00:00:00,"Clerk, DMV & Elections",3665,58
2025-05-01 00:00:00,Encampments,727,3
2025-05-01 00:00:00,General Information,5674,483
2025-05-01 00:00:00,Licensing & Permits,3829,827
2025-05-01 00:00:00,Neighborhood Inspection,2268,1715
2025-05-01 00:00:00,Other,1,0
2025-05-01 00:00:00,Parking & Vehicles,1774,628
2025-05-01 00:00:00,Parks & Trees,507,183
2025-05-01 00:00:00,Public Health & Noise,701,272
2025-05-01 00:00:00,Public Safety (non-emergency),12509,3817
2025-05-01 00:00:00,Solid Waste,1799,106
2025-05-01 00:00:00,Streets & Traffic,2842,1607
2025-05-01 00:00:00,Taxes & Property,3358,119
2025-06-01 00:00:00,Animals,1139,134
2025-06-01 00:00:00,"Clerk, DMV & Elections",4049,65
2025-06-01 00:00:00,Encampments,896,89
2025-06-01 00:00:00,General Information,5151,490
2025-06-01 00:00:00,Licensing & Permits,3466,745
2025-06-01 00:00:00,Neighborhood Inspection,2706,1988
2025-06-01 00:00:00,Parking & Vehicles,1719,612
2025-06-01 00:00:00,Parks & Trees,619,263
2025-06-01 00:00:00,Public Health & Noise,739,322
2025-06-01 00:00:00,Public Safety (non-emergency),12146,3801
2025-06-01 00:00:00,Solid Waste,1757,133
2025-06-01 00:00:00,Streets & Traffic,2867,1625
2025-06-01 00:00:00,Taxes & Property,3819,134
2025-07-01 00:00:00,Animals,1282,151
2025-07-01 00:00:00,"Clerk, DMV & Elections",4164,48
2025-07-01 00:00:00,Encampments,1088,199
2025-07-01 00:00:00,General Information,5870,548
2025-07-01 00:00:00,Licensing & Permits,3635,804
2025-07-01 00:00:00,Neighborhood Inspection,2579,1876
2025-07-01 00:00:00,Other,2,0
2025-07-01 00:00:00,Parking & Vehicles,1813,641
2025-07-01 00:00:00,Parks & Trees,725,322
2025-07-01 00:00:00,Public Health & Noise,795,369
2025-07-01 00:00:00,Public Safety (non-emergency),12645,3853
2025-07-01 00:00:00,Solid Waste,1909,192
2025-07-01 00:00:00,Streets & Traffic,2867,1533
2025-07-01 00:00:00,Taxes & Property,3779,86
2025-08-01 00:00:00,Animals,1062,159
2025-08-01 00:00:00,"Clerk, DMV & Elections",3620,67
2025-08-01 00:00:00,Encampments,1080,167
2025-08-01 00:00:00,General Information,4938,575
2025-08-01 00:00:00,Licensing & Permits,3564,768
2025-08-01 00:00:00,Neighborhood Inspection,2091,1556
2025-08-01 00:00:00,Parking & Vehicles,1752,666
2025-08-01 00:00:00,Parks & Trees,546,245
2025-08-01 00:00:00,Public Health & Noise,771,383
2025-08-01 00:00:00,Public Safety (non-emergency),11567,3550
2025-08-01 00:00:00,Solid Waste,1875,243
2025-08-01 00:00:00,Streets & Traffic,2564,1343
2025-08-01 00:00:00,Taxes & Property,2219,52
2025-09-01 00:00:00,Animals,1281,186
2025-09-01 00:00:00,"Clerk, DMV & Elections",3884,71
2025-09-01 00:00:00,Encampments,1066,168
2025-09-01 00:00:00,General Information,4966,500
2025-09-01 00:00:00,Licensing & Permits,3335,704
2025-09-01 00:00:00,Neighborhood Inspection,1850,1387
2025-09-01 00:00:00,Parking & Vehicles,1822,629
2025-09-01 00:00:00,Parks & Trees,480,210
2025-09-01 00:00:00,Public Health & Noise,755,371
2025-09-01 00:00:00,Public Safety (non-emergency),10507,3225
2025-09-01 00:00:00,Solid Waste,1558,217
2025-09-01 00:00:00,Streets & Traffic,2403,1388
2025-09-01 00:00:00,Taxes & Property,2128,59
2025-10-01 00:00:00,Animals,1260,161
2025-10-01 00:00:00,"Clerk, DMV & Elections",5547,53
2025-10-01 00:00:00,Encampments,992,126
2025-10-01 00:00:00,General Information,5133,522
2025-10-01 00:00:00,Licensing & Permits,3676,701
2025-10-01 00:00:00,Neighborhood Inspection,1387,968
2025-10-01 00:00:00,Parking & Vehicles,1788,583
2025-10-01 00:00:00,Parks & Trees,284,115
2025-10-01 00:00:00,Public Health & Noise,744,353
2025-10-01 00:00:00,Public Safety (non-emergency),9396,2891
2025-10-01 00:00:00,Solid Waste,1385,179
2025-10-01 00:00:00,Streets & Traffic,2288,1153
2025-10-01 00:00:00,Taxes & Property,2175,58
2025-11-01 00:00:00,Animals,894,139
2025-11-01 00:00:00,"Clerk, DMV & Elections",4187,56
2025-11-01 00:00:00,Encampments,848,111
2025-11-01 00:00:00,General Information,3991,387
2025-11-01 00:00:00,Licensing & Permits,2808,523
2025-11-01 00:00:00,Neighborhood Inspection,1013,693
2025-11-01 00:00:00,Parking & Vehicles,1438,553
2025-11-01 00:00:00,Parks & Trees,207,70
2025-11-01 00:00:00,Public Health & Noise,669,315
2025-11-01 00:00:00,Public Safety (non-emergency),8450,2536
2025-11-01 00:00:00,Solid Waste,878,150
2025-11-01 00:00:00,Streets & Traffic,1819,938
2025-11-01 00:00:00,Taxes & Property,1658,30
2025-12-01 00:00:00,Animals,1101,127
2025-12-01 00:00:00,"Clerk, DMV & Elections",3960,45
2025-12-01 00:00:00,Encampments,687,96
2025-12-01 00:00:00,General Information,4226,445
2025-12-01 00:00:00,Licensing & Permits,3175,705
2025-12-01 00:00:00,Neighborhood Inspection,1539,1182
2025-12-01 00:00:00,Parking & Vehicles,1480,571
2025-12-01 00:00:00,Parks & Trees,259,111
2025-12-01 00:00:00,Public Health & Noise,702,349
2025-12-01 00:00:00,Public Safety (non-emergency),8663,2613
2025-12-01 00:00:00,Solid Waste,1477,300
2025-12-01 00:00:00,Streets & Traffic,1960,1085
2025-12-01 00:00:00,Taxes & Property,2044,34
