nbhd_id,neighborhood,council_district,population,per_capita_income,pct_poverty,pct_renters,centroid_lat,centroid_lon,field_requests,field_requests_2025,field_requests_per_1k_per_year,top_category,share_open_in_file,wait_index,ranked_requests,p50_days
2,Auraria,9,692,27609,9.375,42.25352112676056,39.74582064014357,-105.0082671426514,1244,232,256.8125516102395,Streets & Traffic,0.04180064308681672,0.5358287638648386,474,1.9217766203703703
21,Cory - Merrill,6,4319,88195,7.163053722902922,16.76948962422883,39.69046205367957,-104.94982222425591,4694,552,155.26080772665628,Streets & Traffic,0.07008947592671495,0.5332983455893613,1416,3.870509259259259
71,Washington Park West,7,7978,163757,7.132113311606919,44.709816097444474,39.70257542883115,-104.97990433648283,9385,1211,168.05142713891775,Streets & Traffic,0.06414491209376665,0.5300428323183811,2895,3.9704282407407407
70,Washington Park,6,7672,276774,3.9363920750782064,18.051910177894428,39.70123828853068,-104.96626674595102,8607,1055,160.26739162818413,Streets & Traffic,0.06134541652143604,0.5246921569448136,2391,3.81818287037037
16,Civic Center,10,3992,80873,11.394176931690929,82.7246614690193,39.735376525225384,-104.99119794097633,4813,969,172.23733180647008,Streets & Traffic,0.0444629129441097,0.5245127811007644,1189,2.5733912037037037
53,Rosedale,6,2703,72881,8.139104698483166,47.82608695652174,39.67312053614931,-104.98052295565694,3580,492,189.20775857512817,Neighborhood Inspection,0.05446927374301676,0.5212126493312375,921,3.0082986111111114
68,Villa Park,3,7253,67085,22.611333241417345,49.35064935064935,39.730473341602746,-105.03914832211521,7154,1154,140.90721080932028,Solid Waste,0.08540676544590439,0.518800092866801,1279,2.3774074074074076
72,Washington Virginia Vale,5,14256,207319,12.2008547008547,57.83308931185944,39.701486164343926,-104.91516293224987,9294,1623,93.13371813371813,Streets & Traffic,0.061867871745211966,0.5186063804232569,2585,2.7302083333333336
7,Belcaro,10,5672,121292,8.14527503526093,34.419908867858396,39.705043506676766,-104.95047721628166,4881,566,122.93471690509773,Streets & Traffic,0.051423888547428805,0.5184354706114234,1537,2.6475462962962966
75,West Highland,1,10546,170076,3.2808902532617035,42.692791659176706,39.7639501725227,-105.03923910359539,11399,1497,154.4119639131966,Neighborhood Inspection,0.07246249671023774,0.5175787943205564,3607,3.8371990740740745
42,Lowry Field,5,9925,164039,7.916582304110144,49.478207489257215,39.71940644905292,-104.89062521591177,6330,996,91.11191075926594,Streets & Traffic,0.057187993680884674,0.5170865939339634,1579,2.2325810185185184
14,City Park,9,3799,72878,12.945335871634484,61.79775280898876,39.74562347825922,-104.950169880118,4012,623,150.86676945060728,Streets & Traffic,0.057577268195413756,0.5143342042490706,1053,2.8316435185185185
4,Barnum,3,4928,28189,22.165682882149397,39.436619718309856,39.71839017368942,-105.03238607893698,6226,817,180.48469387755102,Solid Waste,0.10167041439126245,0.5142969792105365,1374,2.0527083333333334
66,University Park,6,8436,137001,21.136224801466096,63.83581033262562,39.67593392312611,-104.95017554297137,6768,807,114.61085145295671,Streets & Traffic,0.050384160756501185,0.5133998887682064,2013,2.7216666666666662
74,West Colfax,1,12290,290635,20.38326099418557,61.17263843648209,39.74005425527568,-105.03859838580084,14366,2440,166.98825990933395,Neighborhood Inspection,0.06703327300570792,0.5126728201926446,3513,2.806226851851852
13,Cherry Creek,10,6465,237559,5.351894818252126,56.6060606060606,39.71940025699296,-104.94928139578236,9453,1522,208.882996353994,Streets & Traffic,0.05955781233470856,0.5113570764795049,2881,2.7302893518518516
69,Virginia Village,6,14148,224440,7.666738926222994,55.96434130465544,39.686817907146164,-104.92406020883526,10182,1364,102.81109899430511,Neighborhood Inspection,0.060106069534472596,0.5104806227455778,2809,2.969201388888889
30,Goldsmith,4,5663,86595,16.09569377990431,71.3007827059262,39.67378536497848,-104.9146933196834,4999,722,126.10680860725007,Streets & Traffic,0.040008001600320066,0.5100793546193618,1409,2.546828703703704
33,Hampden South,4,17139,252880,9.492969251414902,50.19575275833432,39.640736752557714,-104.89693502921607,9367,1372,78.07590041092578,Streets & Traffic,0.05049642361481798,0.5094899454285401,2824,2.1171180555555558
65,University Hills,4,6897,139694,3.717308257419923,45.37294955122253,39.664170266944055,-104.93262988475993,7125,972,147.5796930342385,Neighborhood Inspection,0.06666666666666667,0.5091928425732759,2160,2.815474537037037
32,Hampden,4,20155,236052,14.394014962593516,50.187852222917975,39.660958727398345,-104.89080868098515,11222,1766,79.54070241343871,Streets & Traffic,0.05088219568704331,0.5091119653348102,2827,2.166863425925926
58,Southmoor Park,4,6271,145675,6.402682420565224,74.51351351351352,39.64040510967968,-104.91677983545401,2392,360,54.49119529808415,Streets & Traffic,0.03887959866220736,0.5090762399134983,743,1.9531712962962962
38,Indian Creek,6,4090,50825,14.449877750611249,29.575328614762388,39.68478949905729,-104.89751443057095,1868,248,65.24624519734544,Solid Waste,0.061027837259100645,0.5080773650434116,464,1.6735416666666667
76,Westwood,3,15771,85699,28.55962369692347,57.53702576587543,39.70401728267644,-105.03920593244099,10953,1683,99.21465257208077,Neighborhood Inspection,0.09832922486989866,0.5077517179026158,2759,2.6522685185185186
41,Lincoln Park,3,7116,105515,21.704111911827045,68.55104281009879,39.732539919837535,-105.00485464313768,11165,1991,224.14277684092187,Streets & Traffic,0.04818629646215853,0.5067809793678939,2744,1.93046875
18,Cole,9,4487,54352,10.162235241099594,45.950506186726656,39.76718552428309,-104.96620155641149,5925,781,188.64019866917124,Neighborhood Inspection,0.08219409282700423,0.5051273664450537,1334,2.8548668981481478
59,Speer,10,12867,333280,6.19414004818528,71.87866010775356,39.719244624909074,-104.98029408736176,15999,2223,177.63048329613963,Neighborhood Inspection,0.059566222888930556,0.5049910723792641,4889,3.2073032407407407
22,Country Club,10,3306,179956,4.022988505747127,10.518834399431414,39.72230363035081,-104.96600454601985,3655,451,157.93794831907354,Streets & Traffic,0.07441860465116279,0.504183875212093,1027,3.0374074074074073
45,Montbello,11,32433,157096,13.83238909012105,34.66363833008869,39.78602116501846,-104.83727429487955,16884,2184,74.36869854777542,Solid Waste,0.09417199715707178,0.5036939476161921,3658,1.9325752314814817
64,University,6,9389,107096,11.792828685258964,49.099606077658976,39.67450571722851,-104.96641108292215,7663,1013,116.59540800024345,Neighborhood Inspection,0.07164295967636695,0.5036691599843569,2587,4.125902777777777
51,Platt Park,7,7078,185160,6.117547329754168,40.17427884615385,39.68660839979972,-104.98105578473371,8872,1235,179.06591854034633,Neighborhood Inspection,0.06120378719567177,0.5033373798675488,2878,3.0031249999999994
9,Capitol Hill,10,16643,412910,8.30015683435879,73.72895344998349,39.733647610853396,-104.98019860554919,17424,2792,149.56094797469552,Streets & Traffic,0.04000229568411386,0.5033299754722628,3842,2.510954861111111
39,Jefferson Park,1,4903,97767,9.696092619392186,74.71495640509725,39.752165613742164,-105.01921999038092,4628,766,134.84455581131087,Neighborhood Inspection,0.057260155574762314,0.5024509728083187,1243,2.868414351851852
34,Harvey Park,2,10885,78077,13.471454880294658,31.41972367794188,39.67531039237861,-105.04106859621398,9019,1195,118.3673469387755,Neighborhood Inspection,0.12085597072846213,0.5024081384526419,2577,3.736365740740741
36,Highland,1,11344,298296,5.650120310132787,64.30759803921569,39.76326330697212,-105.01230980831161,14340,2064,180.5863389079186,Neighborhood Inspection,0.0596931659693166,0.5019098300943909,4088,2.9511226851851853
50,Overland,7,3866,61547,7.144706186901371,70.33206314643441,39.6814061444746,-104.99310260058779,6613,979,244.36479195920478,Neighborhood Inspection,0.04339936488734311,0.5017096986606122,1670,1.8371412037037036
43,Mar Lee,2,12945,58674,19.233176838810643,44.68802698145025,39.68951377876552,-105.03913272881323,7975,1094,88.00971141643215,Neighborhood Inspection,0.1031974921630094,0.5015222961432385,1810,3.104849537037037
17,Clayton,9,3957,42995,29.492039423805917,43.72146118721461,39.767407957064826,-104.95014431339665,4494,545,162.24412433661863,Solid Waste,0.0787716955941255,0.5011055464874788,1027,2.956990740740741
56,Sloan Lake,1,7928,229312,8.857868020304569,41.05263157894737,39.75163349389388,-105.03981620812523,8563,1210,154.299408966412,Streets & Traffic,0.07871073222001634,0.5010123549307163,2352,3.135902777777778
3,Baker,7,6604,139542,6.238643246517262,59.344167150319215,39.71522096147614,-104.99621175546315,12040,1951,260.4482132041187,Neighborhood Inspection,0.057973421926910296,0.5008499565687736,3360,2.9696006944444444
1,Athmar Park,7,8118,77695,11.519486926492354,29.73320475731276,39.70356779861947,-105.01039806528344,9271,1304,163.147150952029,Neighborhood Inspection,0.09880271815338151,0.49954440497382335,2618,2.3920428240740743
8,Berkeley,1,9168,174904,6.230189091704012,29.9797434166104,39.77671129526377,-105.03938072583746,12224,1774,190.47619047619045,Neighborhood Inspection,0.08025196335078534,0.49927727111126996,3393,3.014710648148148
77,Whittier,9,4352,73734,17.593880389429764,44.67885607126114,39.75635713624471,-104.96655943016592,5625,624,184.64417016806723,Solid Waste,0.07502222222222223,0.49902675571462246,1317,2.968090277777778
5,Barnum West,3,5147,35217,6.534422403733956,23.16883116883117,39.71854224778859,-105.0464630386637,5082,526,141.05304060617834,Solid Waste,0.08579299488390398,0.4987221557800804,1016,3.015763888888889
37,Hilltop,5,9475,257812,2.02420477669487,25.710594315245476,39.71868852412624,-104.9243424499071,8207,924,123.73916321145872,Streets & Traffic,0.060679907396125256,0.49868311776040386,2309,2.755347222222222
26,Five Points,9,22761,418610,15.680014190058088,81.06919176856546,39.75913297946512,-104.98336131638506,26994,4262,169.42514451411247,Neighborhood Inspection,0.04415796102837668,0.49840062992499246,6164,1.939508101851852
15,City Park West,9,6033,122672,16.288975975464304,70.41351193942924,39.74536141384173,-104.96657065332954,8770,1306,207.66735336601076,Streets & Traffic,0.04446978335233751,0.4983297367653326,1913,2.8041666666666667
6,Bear Valley,2,8094,95379,5.267713614442933,36.12157073695535,39.66113237994111,-105.0655607907641,4624,586,81.61248190899785,Neighborhood Inspection,0.08023356401384082,0.49760698126175135,946,2.5091840277777777
12,Cheesman Park,10,8879,215955,8.844621513944222,70.84922010398613,39.73458022490198,-104.9664280237326,8442,1315,135.82610654352968,Neighborhood Inspection,0.048448235015399195,0.4975767909164907,2000,2.798072916666667
20,Congress Park,10,11232,225236,8.567854909318324,55.98700243704305,39.73285118126259,-104.95030673891728,13776,1893,175.2136752136752,Neighborhood Inspection,0.10801393728222997,0.4957944426934489,4245,3.104803240740741
23,DIA,11,3681,33703,20.537897310513447,68.76310272536688,39.858144818295635,-104.6871733228246,3597,962,139.59715915706136,Neighborhood Inspection,0.030025020850708923,0.49510563929214174,1205,0.9633333333333334
28,Gateway - Green Valley Ranch,11,47214,140521,5.113961624085657,28.425266903914594,39.7849234798748,-104.7708348604367,19070,2689,57.7008030305781,Solid Waste,0.064813843733613,0.49474233265492595,3918,1.7080613425925926
29,Globeville,9,4345,33981,28.064085447263015,59.145191703331236,39.78054704470145,-104.98682809826899,5734,1064,188.52539865198094,Streets & Traffic,0.06417858388559469,0.4937522030587905,1459,1.2297800925925926
19,College View - South Platte,7,7300,29361,12.506849315068495,59.79222777991535,39.672403393700456,-105.01319150668719,5405,890,105.77299412915852,Neighborhood Inspection,0.07271045328399629,0.49363240310871476,1413,1.4309027777777779
55,Skyland,9,3427,72991,7.7035307849431,41.77215189873418,39.75651002783825,-104.95024657513133,3650,395,152.15307015715538,Solid Waste,0.08438356164383562,0.493586548587055,823,3.090775462962963
61,Sun Valley,3,1038,13347,48.84393063583815,91.10512129380054,39.735838394381354,-105.02107779611079,2130,529,293.1461601981833,Streets & Traffic,0.04131455399061033,0.49355765948388547,646,1.063738425925926
54,Ruby Hill,7,9054,55007,23.492379058979456,44.88255033557047,39.689989061343596,-105.01119081211245,7602,955,119.94698475811796,Solid Waste,0.09523809523809523,0.49338987855700345,1720,2.1591608796296295
52,Regis,1,4626,52275,14.19074405522884,29.411764705882355,39.787606594585995,-105.04397970458432,4580,577,141.43660058056946,Streets & Traffic,0.07379912663755459,0.4927047160344705,1082,2.7734317129629624
60,Central Park,8,31596,444118,4.042292785748283,29.352708058124172,39.776638944453914,-104.87911100688525,20510,3189,92.73325737435118,Solid Waste,0.052023403217942465,0.49246671754684573,4959,1.8599189814814814
31,Hale,5,9155,222965,5.062872270019855,57.13713713713714,39.73291043563624,-104.9315623385603,8725,1165,136.14730436139502,Streets & Traffic,0.06842406876790831,0.49220912525639204,2598,2.828234953703704
48,North Park Hill,8,10964,141768,7.451659978110178,18.620378719567178,39.75652031184169,-104.92201139019977,9536,957,124.25079480898523,Solid Waste,0.087248322147651,0.4911037433791954,2116,2.896099537037037
62,Sunnyside,1,9854,199540,13.130176909704469,37.17788861180382,39.77645110458955,-105.0118942718801,12026,1769,174.34544347473107,Neighborhood Inspection,0.08556461001164144,0.490377935382677,3314,3.100219907407407
73,Wellshire,4,3269,106998,2.010516548097742,6.413124533929904,39.66064157192666,-104.94954918658415,2319,273,101.34160730673425,Streets & Traffic,0.04915912031047866,0.489025594395709,650,2.740271990740741
67,Valverde,7,3600,29209,23.17175679462034,59.279038718291055,39.71717313058851,-105.01522341262799,5253,593,208.45238095238093,Neighborhood Inspection,0.07500475918522749,0.48869311006407956,1475,1.1327430555555555
63,Union Station,9,9603,328943,10.246797875663855,75.3652471246503,39.75342898258997,-105.00044413739838,9549,1820,142.0538224661936,Neighborhood Inspection,0.02806576604880092,0.48773118465181126,2484,1.0198379629629628
40,Kennedy,4,4282,30246,14.969640354974311,100.0,39.653924192796055,-104.86352719290895,1338,258,44.638686861947015,General Information,0.03811659192825112,0.4862649819756066,336,1.0101273148148149
10,CBD,9,4404,259830,16.241578440808468,77.53721244925575,39.74512258022612,-104.99316065079397,8523,1817,276.46944336317637,Licensing & Permits,0.03484688489968321,0.48594205762283327,2445,1.1960069444444443
47,North Capitol Hill,10,7822,191786,18.416634379439493,88.79116766467065,39.74355021662291,-104.98089658511681,8289,1445,151.38620009497023,Streets & Traffic,0.03764024610930149,0.48575292207823784,1896,2.055127314814815
25,Elyria Swansea,9,6682,50210,18.05304400241109,54.266734798160456,39.78252257852751,-104.95755723973922,7570,1229,161.84204900158207,Streets & Traffic,0.06856010568031704,0.4854528064591542,1857,1.2971875
57,South Park Hill,8,9087,191113,3.43342776203966,12.73661438615468,39.74559750149086,-104.9220604026891,10084,1254,158.5310254838152,Streets & Traffic,0.07606108687028956,0.4851422725745417,2562,2.2931886574074074
11,Chaffee Park,1,3930,52183,8.682008368200837,33.29596412556054,39.787630383657635,-105.01205546129162,4009,573,145.72882588149764,Neighborhood Inspection,0.0920429034671988,0.4825129831292148,983,2.7990856481481483
24,East Colfax,8,9541,80117,19.756838905775076,65.08373480155998,39.740682789755816,-104.89445831483836,8896,1500,133.1995747675446,Solid Waste,0.07205485611510791,0.4819602327702635,2041,2.5894791666666666
78,Windsor,5,14122,173588,14.757709251101323,53.049228508449666,39.7033150286909,-104.88582842348788,4385,914,44.35834665263925,General Information,0.05496009122006842,0.4795398757872872,964,1.8247685185185185
44,Marston,2,11920,149085,4.887692437116177,37.64684619555395,39.62746102990575,-105.0789238026526,4834,707,57.93384467881113,Solid Waste,0.059164253206454284,0.47947691561036576,1143,1.9761342592592592
46,Montclair,5,6388,157149,6.152160300563557,27.447216890595012,39.732859713582286,-104.91295230931968,7392,905,165.30995616781465,Streets & Traffic,0.06561147186147186,0.47496863370147324,2140,2.0584375
49,Northeast Park Hill,8,8623,79949,18.85970221522818,45.77883472057075,39.77445374670852,-104.92330972296627,11284,1746,186.941899570915,Solid Waste,0.06451612903225806,0.47300409820444395,2606,1.661574074074074
27,Fort Logan,2,9358,156547,10.031738834731353,20.64880112834979,39.64154768369984,-105.04798284150955,4262,629,65.06274234421275,Solid Waste,0.07719380572501174,0.4721670151076672,946,2.289375
35,Harvey Park South,2,8779,86149,4.333963155408597,39.18042452830189,39.66103644277078,-105.03990426011622,5137,806,83.59233886059266,Neighborhood Inspection,0.09071442476153396,0.4571836106698516,1296,2.7697800925925926
