year,request_category,open_in_file,share_of_year_backlog
2019,Animals,7351,0.6351853452000346
2019,Public Health & Noise,1509,0.13038970016417523
2019,Neighborhood Inspection,848,0.07327399982718397
2019,Parking & Vehicles,506,0.04372245744405081
2019,Streets & Traffic,408,0.035254471614965865
2019,General Information,395,0.034131167372332155
2019,"Clerk, DMV & Elections",348,0.030069990495117948
2019,Solid Waste,139,0.012010714594314352
2019,Licensing & Permits,47,0.0040611768772142055
2019,Taxes & Property,14,0.0012097122612978485
2019,Parks & Trees,5,0.00043204009332066014
2019,Public Safety (non-emergency),2,0.00017281603732826408
2019,Other,1,8.640801866413204e-05
2020,Animals,1185,0.4691211401425178
2020,Streets & Traffic,384,0.15201900237529692
2020,Public Health & Noise,349,0.1381631037212985
2020,Neighborhood Inspection,252,0.0997624703087886
2020,General Information,171,0.06769596199524941
2020,Licensing & Permits,47,0.018606492478226443
2020,Parking & Vehicles,41,0.01623119556611243
2020,Solid Waste,38,0.015043547110055424
2020,Parks & Trees,23,0.009105304829770388
2020,"Clerk, DMV & Elections",21,0.00831353919239905
2020,Public Safety (non-emergency),7,0.0027711797307996833
2020,Taxes & Property,7,0.0027711797307996833
2020,Encampments,1,0.000395882818685669
2021,Animals,1062,0.31504004746366066
2021,Public Health & Noise,632,0.1874814595075645
2021,Parks & Trees,402,0.11925244734500148
2021,General Information,360,0.10679323642835954
2021,Neighborhood Inspection,352,0.10442005339661821
2021,Streets & Traffic,234,0.0694156036784337
2021,Licensing & Permits,219,0.06496588549391871
2021,Parking & Vehicles,52,0.0154256897063186
2021,Taxes & Property,33,0.009789380005932958
2021,Solid Waste,12,0.0035597745476119848
2021,Encampments,7,0.0020765351527736575
2021,Public Safety (non-emergency),4,0.0011865915158706616
2021,"Clerk, DMV & Elections",2,0.0005932957579353308
2022,Animals,979,0.3691553544494721
2022,Neighborhood Inspection,711,0.2680995475113122
2022,General Information,245,0.09238310708898945
2022,Licensing & Permits,243,0.0916289592760181
2022,Public Health & Noise,187,0.07051282051282051
2022,Parks & Trees,98,0.03695324283559578
2022,Streets & Traffic,72,0.027149321266968326
2022,Parking & Vehicles,42,0.01583710407239819
2022,Taxes & Property,33,0.012443438914027148
2022,Public Safety (non-emergency),18,0.006787330316742082
2022,Solid Waste,17,0.00641025641025641
2022,"Clerk, DMV & Elections",4,0.0015082956259426848
2022,Encampments,3,0.0011312217194570137
2023,Neighborhood Inspection,6443,0.6107109004739336
2023,Parking & Vehicles,1113,0.10549763033175355
2023,General Information,979,0.09279620853080568
2023,Streets & Traffic,680,0.06445497630331753
2023,Animals,406,0.03848341232227488
2023,Licensing & Permits,371,0.035165876777251186
2023,Public Safety (non-emergency),216,0.020473933649289098
2023,Solid Waste,127,0.012037914691943128
2023,Taxes & Property,86,0.008151658767772511
2023,Public Health & Noise,80,0.007582938388625593
2023,Parks & Trees,46,0.004360189573459716
2023,"Clerk, DMV & Elections",2,0.0001895734597156398
2023,Encampments,1,9.47867298578199e-05
2024,Neighborhood Inspection,8069,0.6769863243560701
2024,Streets & Traffic,1306,0.10957295075090193
2024,Public Safety (non-emergency),688,0.05772296333585032
2024,Parking & Vehicles,521,0.043711720781944796
2024,Licensing & Permits,494,0.04144643006963671
2024,General Information,395,0.03314036412450709
2024,Solid Waste,196,0.01644433257823643
2024,Animals,99,0.008306065945129625
2024,Taxes & Property,67,0.005621276952764494
2024,Public Health & Noise,66,0.0055373772967530835
2024,Parks & Trees,10,0.0008389965601141035
2024,Encampments,6,0.0005033979360684622
2024,"Clerk, DMV & Elections",2,0.00016779931202282072
2025,Streets & Traffic,1546,0.3226210350584307
2025,Neighborhood Inspection,1188,0.24791318864774625
2025,Public Safety (non-emergency),971,0.20262938230383973
2025,General Information,399,0.08326377295492488
2025,Licensing & Permits,211,0.044031719532554255
2025,Parking & Vehicles,126,0.026293823038397328
2025,Parks & Trees,110,0.022954924874791317
2025,Animals,79,0.016485809682804674
2025,Public Health & Noise,55,0.011477462437395659
2025,Taxes & Property,54,0.011268781302170284
2025,Solid Waste,30,0.006260434056761269
2025,"Clerk, DMV & Elections",14,0.002921535893155259
2025,Encampments,9,0.0018781302170283807
