request_category,month_of_year,avg_requests,seasonal_index
Animals,1,230.28571428571428,0.8686904975749954
Animals,2,228.28571428571428,0.8611460391593316
Animals,3,269.0,1.0147296569067719
Animals,4,294.7142857142857,1.1117298365367343
Animals,5,303.2857142857143,1.1440632297467215
Animals,6,296.0,1.1165798455182323
Animals,7,285.7142857142857,1.0777797736662473
Animals,8,292.57142857142856,1.1036464882342372
Animals,9,295.42857142857144,1.1144242859709
Animals,10,295.42857142857144,1.1144242859709
Animals,11,220.71428571428572,0.8325848751571762
Animals,12,169.71428571428572,0.640201185557751
"Clerk, DMV & Elections",1,101.57142857142857,0.8875481119317591
"Clerk, DMV & Elections",2,85.71428571428571,0.7489857484656194
"Clerk, DMV & Elections",3,103.28571428571429,0.9025278269010715
"Clerk, DMV & Elections",4,99.0,0.8650785394777905
"Clerk, DMV & Elections",5,128.28571428571428,1.1209820035368772
"Clerk, DMV & Elections",6,135.71428571428572,1.1858941017372309
"Clerk, DMV & Elections",7,114.14285714285714,0.99739935504005
"Clerk, DMV & Elections",8,143.0,1.2495578903568085
"Clerk, DMV & Elections",9,165.85714285714286,1.4492874232809738
"Clerk, DMV & Elections",10,136.42857142857142,1.1921356496411109
"Clerk, DMV & Elections",11,83.14285714285714,0.7265161760116509
"Clerk, DMV & Elections",12,77.14285714285714,0.6740871736190575
Encampments,1,575.2,0.7069064988888016
Encampments,2,457.5,0.5622561252462217
Encampments,3,823.6666666666666,1.0122658546327241
Encampments,4,685.6666666666666,0.8426672857059949
Encampments,5,861.8333333333334,1.0591717390339572
Encampments,6,1645.2,2.021909895639528
Encampments,7,1095.1666666666667,1.3459326043690067
Encampments,8,786.5,0.9665889453686413
Encampments,9,1006.8333333333334,1.2373731339207379
Encampments,10,711.5,0.8744158100823755
Encampments,11,548.5,0.674092862726891
Encampments,12,566.6666666666666,0.6964192443851198
General Information,1,776.5714285714286,0.9664859098586541
General Information,2,683.1428571428571,0.8502089074584407
General Information,3,983.7142857142857,1.2242866032536224
General Information,4,845.0,1.0516490354698196
General Information,5,805.5714285714286,1.0025780069339496
General Information,6,789.5714285714286,0.982665125788959
General Information,7,861.8571428571429,1.0726286781047205
General Information,8,947.0,1.178593652769135
General Information,9,826.4285714285714,1.0285358698550982
General Information,10,773.5714285714286,0.9627522446439684
General Information,11,684.5714285714286,0.8519868432749578
General Information,12,665.0,0.8276291225886746
Licensing & Permits,1,880.8571428571429,1.0987007201722474
Licensing & Permits,2,697.7142857142857,0.8702650530848615
Licensing & Permits,3,753.0,0.9392234018858119
Licensing & Permits,4,838.5714285714286,1.0459573836216496
Licensing & Permits,5,835.7142857142857,1.0423936446655282
Licensing & Permits,6,841.1428571428571,1.049164748682159
Licensing & Permits,7,880.7142857142857,1.0985225332244413
Licensing & Permits,8,872.2857142857143,1.088009503303883
Licensing & Permits,9,800.2857142857143,0.9982032816096221
Licensing & Permits,10,813.1428571428571,1.0142401069121687
Licensing & Permits,11,681.2857142857143,0.8497735540871632
Licensing & Permits,12,726.0,0.9055460687504641
Neighborhood Inspection,1,2383.0,1.6256700126693309
Neighborhood Inspection,2,1825.4285714285713,1.2452977292661538
Neighborhood Inspection,3,1129.142857142857,0.7702952928564469
Neighborhood Inspection,4,880.7142857142857,0.6008186336614366
Neighborhood Inspection,5,1420.857142857143,0.9693012376961313
Neighborhood Inspection,6,1875.7142857142858,1.279602377935874
Neighborhood Inspection,7,1771.2857142857142,1.2083617581132446
Neighborhood Inspection,8,1632.4285714285713,1.1136341487184487
Neighborhood Inspection,9,1243.857142857143,0.8485527726342464
Neighborhood Inspection,10,1108.5714285714287,0.7562615729461069
Neighborhood Inspection,11,964.2857142857143,0.6578306207971935
Neighborhood Inspection,12,1355.0,0.9243738427053896
Other,1,1.0,0.8
Other,2,2.0,1.6
Other,3,1.0,0.8
Other,12,1.0,0.8
Parking & Vehicles,1,561.4285714285714,0.8864994924621228
Parking & Vehicles,2,524.8571428571429,0.828752960637618
Parking & Vehicles,3,720.4285714285714,1.1375615624647544
Parking & Vehicles,4,677.0,1.0689875559231552
Parking & Vehicles,5,673.5714285714286,1.0635738185646078
Parking & Vehicles,6,665.0,1.0500394751682396
Parking & Vehicles,7,689.7142857142857,1.089063498627768
Parking & Vehicles,8,713.1428571428571,1.1260573705778414
Parking & Vehicles,9,692.0,1.0926726568667997
Parking & Vehicles,10,659.4285714285714,1.0412421519606
Parking & Vehicles,11,535.1428571428571,0.8449941727132599
Parking & Vehicles,12,488.0,0.7705552840332344
Parks & Trees,1,108.0,0.450513979242191
Parks & Trees,2,86.28571428571429,0.35993444902418437
Parks & Trees,3,190.71428571428572,0.7955504792173611
Parks & Trees,4,250.42857142857142,1.0446441873168792
Parks & Trees,5,310.42857142857144,1.2949297313403187
Parks & Trees,6,438.0,1.8270844713711079
Parks & Trees,7,418.42857142857144,1.7454437105825098
Parks & Trees,8,374.2857142857143,1.5613050603366936
Parks & Trees,9,271.14285714285717,1.131052291801162
Parks & Trees,10,172.57142857142858,0.7198688980483687
Parks & Trees,11,131.14285714285714,0.5470526890798033
Parks & Trees,12,125.28571428571429,0.52262005263942
Public Health & Noise,1,365.7142857142857,0.8862475838790641
Public Health & Noise,2,309.57142857142856,0.7501947321351295
Public Health & Noise,3,358.14285714285717,0.8678994893690679
Public Health & Noise,4,443.7142857142857,1.0752675763782706
Public Health & Noise,5,468.2857142857143,1.1348123359201454
Public Health & Noise,6,469.7142857142857,1.1382742405446729
Public Health & Noise,7,480.85714285714283,1.1652770966159882
Public Health & Noise,8,470.7142857142857,1.1406975737818423
Public Health & Noise,9,441.42857142857144,1.0697285289790266
Public Health & Noise,10,427.0,1.034763292271298
Public Health & Noise,11,375.0,0.9087499639384935
Public Health & Noise,12,341.7142857142857,0.8280875861870005
Public Safety (non-emergency),1,1104.4285714285713,0.7679292762068737
Public Safety (non-emergency),2,1126.5714285714287,0.7833256075756573
Public Safety (non-emergency),3,1300.7142857142858,0.9044103039533806
Public Safety (non-emergency),4,1422.2857142857142,0.9889411297265082
Public Safety (non-emergency),5,1560.857142857143,1.0852923647440567
Public Safety (non-emergency),6,1520.4285714285713,1.0571816435997616
Public Safety (non-emergency),7,1632.7142857142858,1.1352559433150122
Public Safety (non-emergency),8,1657.857142857143,1.1527382292563406
Public Safety (non-emergency),9,1590.0,1.1055559234487782
Public Safety (non-emergency),10,1547.5714285714287,1.0760545659227867
Public Safety (non-emergency),11,1391.4285714285713,0.9674855969803324
Public Safety (non-emergency),12,1403.4285714285713,0.9758294152705118
Solid Waste,1,1505.5714285714287,1.2250615107425848
Solid Waste,2,1116.0,0.9080729217118391
Solid Waste,3,1351.7142857142858,1.0998701978030494
Solid Waste,4,1591.4285714285713,1.2949222155491407
Solid Waste,5,1671.142857142857,1.3597845670999862
Solid Waste,6,1697.2857142857142,1.3810566286301023
Solid Waste,7,1773.7142857142858,1.44324544239301
Solid Waste,8,1205.0,0.9804909235329444
Solid Waste,9,773.2857142857143,0.6292113063525583
Solid Waste,10,723.1428571428571,0.5884107948931553
Solid Waste,11,660.5714285714286,0.5374973361489431
Solid Waste,12,678.8571428571429,0.5523761551426856
Streets & Traffic,1,1540.7142857142858,0.9823895551844544
Streets & Traffic,2,1624.0,1.0354941551540915
Streets & Traffic,3,1763.4285714285713,1.1243965386367087
Streets & Traffic,4,1657.5714285714287,1.0568999544557462
Streets & Traffic,5,1668.142857142857,1.0636405040230759
Streets & Traffic,6,1686.0,1.0750265674814028
Streets & Traffic,7,1678.857142857143,1.070472142098072
Streets & Traffic,8,1753.5714285714287,1.1181114316077123
Streets & Traffic,9,1591.2857142857142,1.0146348868984363
Streets & Traffic,10,1440.2857142857142,0.9183543342948232
Streets & Traffic,11,1183.0,0.7543039319872477
Streets & Traffic,12,1233.142857142857,0.7862759981782299
Taxes & Property,1,55.857142857142854,0.7490421455938697
Taxes & Property,2,82.85714285714286,1.1111111111111112
Taxes & Property,3,62.57142857142857,0.8390804597701149
Taxes & Property,4,83.14285714285714,1.1149425287356323
Taxes & Property,5,89.14285714285714,1.1954022988505746
Taxes & Property,6,106.71428571428571,1.4310344827586206
Taxes & Property,7,92.85714285714286,1.2452107279693487
Taxes & Property,8,94.14285714285714,1.2624521072796935
Taxes & Property,9,72.0,0.9655172413793104
Taxes & Property,10,65.71428571428571,0.8812260536398467
Taxes & Property,11,45.714285714285715,0.6130268199233717
Taxes & Property,12,44.142857142857146,0.5919540229885059
