request_type,request_category,agency,requests_total,year,requests,closed,open_in_file,p50_hours,p90_hours,share_closed_within_1h,share_closed_after_30d,p50_hours_2019,p90_hours_2019,share_within_2019_p90,record_gap
Pothole,Streets & Traffic,Public Works,26793,2019,3667,3667,0,42.788333333333334,194.08161111111113,0.1461685301336242,0.013635124079629125,42.788333333333334,194.08161111111113,0.8999181892555222,false
Pothole,Streets & Traffic,Public Works,26793,2020,5180,5180,0,13.971944444444443,164.81952777777778,0.40193050193050195,0.011583011583011582,42.788333333333334,194.08161111111113,0.9177606177606178,false
Pothole,Streets & Traffic,Public Works,26793,2021,4158,4157,1,17.045555555555556,98.21794444444444,0.3158527784459947,0.0016839066634592255,42.788333333333334,194.08161111111113,0.9826839826839827,false
Pothole,Streets & Traffic,Public Works,26793,2022,3981,3981,0,14.613055555555556,163.90833333333333,0.35041446872645066,0.002009545340366742,42.788333333333334,194.08161111111113,0.9231348907309721,false
Pothole,Streets & Traffic,Public Works,26793,2023,4340,4280,60,56.27652777777778,307.25866666666667,0.19439252336448598,0.009813084112149532,42.788333333333334,194.08161111111113,0.8129032258064516,false
Pothole,Streets & Traffic,Public Works,26793,2024,3080,3069,11,59.49055555555555,209.00783333333334,0.007820136852394917,0.0013033561420658195,42.788333333333334,194.08161111111113,0.887012987012987,false
Pothole,Streets & Traffic,Public Works,26793,2025,2387,2377,10,43.35722222222222,121.85122222222223,0.007993268826251577,0.004627681952040387,42.788333333333334,194.08161111111113,0.9710934227063259,false
Snow Removal Complaint/Sidewalk,Neighborhood Inspection,Community Planning & Development,25382,2019,2784,2729,55,116.64166666666667,292.2008333333337,0.0131916452913155,0.028948332722609015,116.64166666666667,292.2008333333337,0.882183908045977,false
Snow Removal Complaint/Sidewalk,Neighborhood Inspection,Community Planning & Development,25382,2020,4666,4621,45,94.00638888888889,278.6141666666667,0.01428262280891582,0.024020774724085696,116.64166666666667,292.2008333333337,0.8981997428204029,false
Snow Removal Complaint/Sidewalk,Neighborhood Inspection,Community Planning & Development,25382,2021,1999,1980,19,50.89972222222222,139.12325000000004,0.006060606060606061,0.0015151515151515152,116.64166666666667,292.2008333333337,0.9549774887443722,false
Snow Removal Complaint/Sidewalk,Neighborhood Inspection,Community Planning & Development,25382,2022,5050,4934,116,87.82194444444445,503.0513611111111,0.02776651803810296,0.04519659505472234,116.64166666666667,292.2008333333337,0.8124752475247525,false
Snow Removal Complaint/Sidewalk,Neighborhood Inspection,Community Planning & Development,25382,2023,5994,5214,780,405.52972222222223,794.6196666666666,0.011315688530878405,0.1371308016877637,116.64166666666667,292.2008333333337,0.36486486486486486,false
Snow Removal Complaint/Sidewalk,Neighborhood Inspection,Community Planning & Development,25382,2024,2161,165,1996,6.273888888888889,44.3275,0.1393939393939394,0.0,116.64166666666667,292.2008333333337,0.07496529384544193,true
Snow Removal Complaint/Sidewalk,Neighborhood Inspection,Community Planning & Development,25382,2025,2728,2715,13,2378.4544444444446,2769.516055555555,0.0033149171270718232,0.8320441988950277,116.64166666666667,292.2008333333337,0.16422287390029325,true
Weeds/Vegetation Violation,Neighborhood Inspection,Community Planning & Development,24175,2019,1591,1491,100,458.40722222222223,1201.4097222222222,0.01341381623071764,0.27297116029510393,458.40722222222223,1201.4097222222222,0.8434946574481458,false
Weeds/Vegetation Violation,Neighborhood Inspection,Community Planning & Development,24175,2020,2169,2124,45,451.89722222222224,1228.2775555555559,0.038135593220338986,0.24670433145009416,458.40722222222223,1201.4097222222222,0.8782849239280774,false
Weeds/Vegetation Violation,Neighborhood Inspection,Community Planning & Development,24175,2021,4227,4145,82,459.4061111111111,1104.1813333333334,0.010856453558504222,0.23088057901085646,458.40722222222223,1201.4097222222222,0.8985095812633073,false
Weeds/Vegetation Violation,Neighborhood Inspection,Community Planning & Development,24175,2022,3916,3711,205,487.8491666666667,1228.328888888889,0.01643761789275128,0.29156561573699813,458.40722222222223,1201.4097222222222,0.8449948927477018,false
Weeds/Vegetation Violation,Neighborhood Inspection,Community Planning & Development,24175,2023,4911,1115,3796,49.170833333333334,576.0898888888889,0.13632286995515694,0.04394618834080718,458.40722222222223,1201.4097222222222,0.2258195886784769,true
Weeds/Vegetation Violation,Neighborhood Inspection,Community Planning & Development,24175,2024,3458,383,3075,6.086944444444445,46.8305,0.3394255874673629,0.0,458.40722222222223,1201.4097222222222,0.11075766338924234,true
Weeds/Vegetation Violation,Neighborhood Inspection,Community Planning & Development,24175,2025,3903,3800,103,529.3370833333333,1230.6963055555552,0.014736842105263158,0.3194736842105263,458.40722222222223,1201.4097222222222,0.8670253651037664,false
Other,General Information,Public Works,18214,2019,2862,2707,155,24.614444444444445,330.57294444444443,0.22903583302548947,0.04432951606944958,24.614444444444445,330.57294444444443,0.8511530398322851,false
Other,General Information,Public Works,18214,2020,2398,2351,47,24.351944444444445,2597.800277777778,0.23947256486601445,0.16290940025521056,24.614444444444445,330.57294444444443,0.7764804003336113,false
Other,General Information,Public Works,18214,2021,2038,1866,172,72.14069444444445,1718.61625,0.1045016077170418,0.1645230439442658,24.614444444444445,330.57294444444443,0.6805691854759568,false
Other,General Information,Public Works,18214,2022,2395,2288,107,71.9726388888889,1173.7028055555556,0.10096153846153846,0.1333041958041958,24.614444444444445,330.57294444444443,0.7565762004175365,false
Other,General Information,Public Works,18214,2023,3360,2764,596,64.90958333333333,1003.3606111111122,0.12698986975397974,0.12156295224312591,24.614444444444445,330.57294444444443,0.6684523809523809,false
Other,General Information,Public Works,18214,2024,2503,2267,236,49.18138888888889,497.36672222222245,0.12174680194089105,0.06925452139391267,24.614444444444445,330.57294444444443,0.7790651218537755,false
Other,General Information,Public Works,18214,2025,2658,2404,254,66.94111111111111,789.3286388888889,0.12312811980033278,0.10357737104825292,24.614444444444445,330.57294444444443,0.7422874341610233,false
More Information Requested,General Information,Public Health & Environment,8732,2019,2988,2977,11,9.206111111111111,28.451222222222228,0.16627477326167284,0.0006718172657037286,9.206111111111111,28.451222222222228,0.8965863453815262,false
More Information Requested,General Information,Public Health & Environment,8732,2020,1255,1252,3,2.751388888888889,26.100527777777778,0.2827476038338658,0.0,9.206111111111111,28.451222222222228,0.9227091633466136,false
More Information Requested,General Information,Public Health & Environment,8732,2021,1305,1302,3,16.143194444444447,66.74672222222225,0.130568356374808,0.0,9.206111111111111,28.451222222222228,0.7494252873563219,false
More Information Requested,General Information,Public Health & Environment,8732,2022,2152,2151,1,23.53361111111111,90.18305555555555,0.12552301255230125,0.00046490004649000463,9.206111111111111,28.451222222222228,0.5994423791821561,false
More Information Requested,General Information,Public Health & Environment,8732,2023,550,550,0,16.6575,63.74116666666668,0.19636363636363635,0.0,9.206111111111111,28.451222222222228,0.7981818181818182,false
More Information Requested,General Information,Public Health & Environment,8732,2024,241,241,0,3.118888888888889,44.18694444444444,0.1991701244813278,0.0,9.206111111111111,28.451222222222228,0.8713692946058091,false
More Information Requested,General Information,Public Health & Environment,8732,2025,241,239,2,25.879444444444445,86.65266666666673,0.05439330543933055,0.0,9.206111111111111,28.451222222222228,0.5684647302904564,false
Renewal Business License,Licensing & Permits,Excise & License,8432,2019,162,162,0,23.12388888888889,116.9853611111111,0.09259259259259259,0.0,23.12388888888889,116.9853611111111,0.8950617283950617,false
Renewal Business License,Licensing & Permits,Excise & License,8432,2020,1971,1971,0,102.6875,671.6272222222223,0.09487569761542364,0.0837138508371385,23.12388888888889,116.9853611111111,0.5098934550989346,false
Renewal Business License,Licensing & Permits,Excise & License,8432,2021,1588,1587,1,195.1977777777778,483.7012222222223,0.04662885948330183,0.045368620037807186,23.12388888888889,116.9853611111111,0.2795969773299748,false
Renewal Business License,Licensing & Permits,Excise & License,8432,2022,1066,1061,5,204.02083333333334,620.2427777777777,0.0471253534401508,0.05560791705937795,23.12388888888889,116.9853611111111,0.29924953095684803,false
Renewal Business License,Licensing & Permits,Excise & License,8432,2023,1382,1368,14,119.51402777777778,474.21899999999994,0.05847953216374269,0.03216374269005848,23.12388888888889,116.9853611111111,0.4804630969609262,false
Renewal Business License,Licensing & Permits,Excise & License,8432,2024,1390,1367,23,124.49361111111111,482.5237222222223,0.04901243599122165,0.046086320409656184,23.12388888888889,116.9853611111111,0.4546762589928058,false
Renewal Business License,Licensing & Permits,Excise & License,8432,2025,873,870,3,70.51916666666666,188.4778611111111,0.054022988505747126,0.016091954022988506,23.12388888888889,116.9853611111111,0.6918671248568156,false
New Business License,Licensing & Permits,Excise & License,8242,2019,149,149,0,24.363333333333333,124.42988888888888,0.14093959731543623,0.0,24.363333333333333,124.42988888888888,0.8993288590604027,false
New Business License,Licensing & Permits,Excise & License,8242,2020,1247,1243,4,95.92722222222223,629.5445555555553,0.08286403861625101,0.07803700724054706,24.363333333333333,124.42988888888888,0.5485164394546913,false
New Business License,Licensing & Permits,Excise & License,8242,2021,1154,1152,2,200.82597222222222,524.4801388888889,0.03732638888888889,0.041666666666666664,24.363333333333333,124.42988888888888,0.2937608318890815,false
New Business License,Licensing & Permits,Excise & License,8242,2022,1198,1192,6,170.75208333333333,532.8891666666667,0.04614093959731544,0.040268456375838924,24.363333333333333,124.42988888888888,0.3606010016694491,false
New Business License,Licensing & Permits,Excise & License,8242,2023,1900,1883,17,137.67111111111112,497.4121666666666,0.04195432819968136,0.038767923526287836,24.363333333333333,124.42988888888888,0.47947368421052633,false
New Business License,Licensing & Permits,Excise & License,8242,2024,1648,1627,21,144.32444444444445,500.05122222222235,0.03503380454824831,0.04855562384757222,24.363333333333333,124.42988888888888,0.433252427184466,false
New Business License,Licensing & Permits,Excise & License,8242,2025,946,942,4,92.48791666666666,211.47158333333334,0.03821656050955414,0.024416135881104035,24.363333333333333,124.42988888888888,0.7082452431289641,false
Illegal Parking,Parking & Vehicles,Public Works,7812,2019,116,116,0,26.619722222222222,51.77791666666667,0.04310344827586207,0.008620689655172414,26.619722222222222,51.77791666666667,0.896551724137931,false
Illegal Parking,Parking & Vehicles,Public Works,7812,2020,33,33,0,17.958055555555557,68.27666666666667,0.030303030303030304,0.0,26.619722222222222,51.77791666666667,0.8181818181818182,false
Illegal Parking,Parking & Vehicles,Public Works,7812,2021,47,47,0,23.875555555555554,64.95077777777777,0.0425531914893617,0.0,26.619722222222222,51.77791666666667,0.7872340425531915,false
Illegal Parking,Parking & Vehicles,Public Works,7812,2022,69,69,0,14.754722222222222,63.83844444444445,0.028985507246376812,0.0,26.619722222222222,51.77791666666667,0.8840579710144928,false
Illegal Parking,Parking & Vehicles,Public Works,7812,2023,2846,2417,429,143.3,1943.5826666666667,0.20190318576748034,0.4017376913529168,26.619722222222222,51.77791666666667,0.39669711876317637,false
Illegal Parking,Parking & Vehicles,Public Works,7812,2024,2344,2341,3,2.4875,50.08361111111111,0.42973088423750533,0.0,26.619722222222222,51.77791666666667,0.9014505119453925,false
Illegal Parking,Parking & Vehicles,Public Works,7812,2025,2357,2350,7,9.643472222222222,55.85855555555555,0.3574468085106383,0.0,26.619722222222222,51.77791666666667,0.8930844293593551,false
ROWE - 72 Hour Enforcement,Parking & Vehicles,Public Works,7499,2019,1544,1544,0,4.076111111111111,42.826861111111135,0.25841968911917096,0.012305699481865285,4.076111111111111,42.826861111111135,0.8996113989637305,false
ROWE - 72 Hour Enforcement,Parking & Vehicles,Public Works,7499,2020,996,995,1,5.330277777777778,72.90511111111111,0.335678391959799,0.0010050251256281408,4.076111111111111,42.826861111111135,0.8082329317269076,false
ROWE - 72 Hour Enforcement,Parking & Vehicles,Public Works,7499,2021,1168,1168,0,29.330416666666665,158.4007777777776,0.3013698630136986,0.010273972602739725,4.076111111111111,42.826861111111135,0.5428082191780822,false
ROWE - 72 Hour Enforcement,Parking & Vehicles,Public Works,7499,2022,1780,1780,0,400.8163888888889,961.3938333333335,0.13089887640449438,0.22134831460674156,4.076111111111111,42.826861111111135,0.351123595505618,false
ROWE - 72 Hour Enforcement,Parking & Vehicles,Public Works,7499,2023,1759,1758,1,22.01125,452.5440277777777,0.2030716723549488,0.01422070534698521,4.076111111111111,42.826861111111135,0.5770324047754406,false
ROWE - 72 Hour Enforcement,Parking & Vehicles,Public Works,7499,2024,138,138,0,1.352638888888889,23.903611111111108,0.45652173913043476,0.007246376811594203,4.076111111111111,42.826861111111135,0.9347826086956522,false
ROWE - 72 Hour Enforcement,Parking & Vehicles,Public Works,7499,2025,114,114,0,14.71888888888889,58.99763888888889,0.2894736842105263,0.0,4.076111111111111,42.826861111111135,0.7807017543859649,false
Transportation Sign Maintenance,Streets & Traffic,Public Works,7460,2019,138,137,1,91.98333333333333,260.9616666666667,0.029197080291970802,0.0072992700729927005,91.98333333333333,260.9616666666667,0.8913043478260869,false
Transportation Sign Maintenance,Streets & Traffic,Public Works,7460,2020,1004,1003,1,137.12694444444443,495.8135000000003,0.022931206380857428,0.05682951146560319,91.98333333333333,260.9616666666667,0.7858565737051793,false
Transportation Sign Maintenance,Streets & Traffic,Public Works,7460,2021,1142,1140,2,164.66277777777776,472.6885833333334,0.011403508771929825,0.06140350877192982,91.98333333333333,260.9616666666667,0.7294220665499125,false
Transportation Sign Maintenance,Streets & Traffic,Public Works,7460,2022,1432,1429,3,166.08527777777778,665.2776666666667,0.012596221133659902,0.086074177746676,91.98333333333333,260.9616666666667,0.6703910614525139,false
Transportation Sign Maintenance,Streets & Traffic,Public Works,7460,2023,1212,1192,20,121.19166666666666,691.9404166666667,0.04865771812080537,0.09815436241610738,91.98333333333333,260.9616666666667,0.6765676567656765,false
Transportation Sign Maintenance,Streets & Traffic,Public Works,7460,2024,1382,1303,79,547.9869444444445,4315.922277777778,0.013046815042210284,0.44128933231005374,91.98333333333333,260.9616666666667,0.3147612156295224,false
Transportation Sign Maintenance,Streets & Traffic,Public Works,7460,2025,1150,1025,125,91.13472222222222,1982.8578888888896,0.16585365853658537,0.1980487804878049,91.98333333333333,260.9616666666667,0.5782608695652174,false
Inspection,Neighborhood Inspection,Public Works,6807,2019,416,386,30,166.23861111111108,923.0548611111111,0.012953367875647668,0.12694300518134716,166.23861111111108,923.0548611111111,0.8341346153846154,false
Inspection,Neighborhood Inspection,Public Works,6807,2020,775,744,31,309.54347222222225,1805.2619444444454,0.01478494623655914,0.260752688172043,166.23861111111108,923.0548611111111,0.7587096774193548,false
Inspection,Neighborhood Inspection,Public Works,6807,2021,802,728,74,947.6229166666667,6912.773833333334,0.004120879120879121,0.5508241758241759,166.23861111111108,923.0548611111111,0.45012468827930174,false
Inspection,Neighborhood Inspection,Public Works,6807,2022,1136,1092,44,605.5526388888889,5499.761027777777,0.004578754578754579,0.4624542124542125,166.23861111111108,923.0548611111111,0.5598591549295775,false
Inspection,Neighborhood Inspection,Public Works,6807,2023,1002,994,8,508.1147222222222,3507.0694722222224,0.005030181086519115,0.4245472837022133,166.23861111111108,923.0548611111111,0.6237524950099801,false
Inspection,Neighborhood Inspection,Public Works,6807,2024,1100,1018,82,236.36319444444445,1320.3259722222222,0.0019646365422396855,0.2406679764243615,166.23861111111108,923.0548611111111,0.76,false
Inspection,Neighborhood Inspection,Public Works,6807,2025,1576,966,610,312.1008333333333,2923.3194444444443,0.004140786749482402,0.29606625258799174,166.23861111111108,923.0548611111111,0.45621827411167515,true
Public Health Business License Inspection,Neighborhood Inspection,Public Health & Environment,6771,2019,563,561,2,2.0516666666666667,66.63305555555556,0.36363636363636365,0.0,2.0516666666666667,66.63305555555556,0.8969804618117229,false
Public Health Business License Inspection,Neighborhood Inspection,Public Health & Environment,6771,2020,999,994,5,19.77777777777778,98.39494444444445,0.176056338028169,0.011066398390342052,2.0516666666666667,66.63305555555556,0.7877877877877878,false
Public Health Business License Inspection,Neighborhood Inspection,Public Health & Environment,6771,2021,1039,1037,2,2.0966666666666667,65.74683333333333,0.33365477338476374,0.0009643201542912247,2.0516666666666667,66.63305555555556,0.9008662175168431,false
Public Health Business License Inspection,Neighborhood Inspection,Public Health & Environment,6771,2022,1014,1004,10,1.4869444444444446,54.65477777777784,0.3854581673306773,0.00099601593625498,2.0516666666666667,66.63305555555556,0.9092702169625246,false
Public Health Business License Inspection,Neighborhood Inspection,Public Health & Environment,6771,2023,1080,1080,0,1.580277777777778,23.332527777777777,0.39166666666666666,0.0,2.0516666666666667,66.63305555555556,0.9555555555555556,false
Public Health Business License Inspection,Neighborhood Inspection,Public Health & Environment,6771,2024,1025,1024,1,1.1604166666666667,17.651861111111117,0.455078125,0.0,2.0516666666666667,66.63305555555556,0.9814634146341463,false
Public Health Business License Inspection,Neighborhood Inspection,Public Health & Environment,6771,2025,1051,1050,1,1.0795833333333333,16.53269444444445,0.47333333333333333,0.0,2.0516666666666667,66.63305555555556,0.9800190294957184,false
Trash in Yard Violation,Neighborhood Inspection,Community Planning & Development,6318,2019,514,431,83,312.73805555555555,1249.4391666666668,0.03480278422273782,0.24129930394431554,312.73805555555555,1249.4391666666668,0.754863813229572,false
Trash in Yard Violation,Neighborhood Inspection,Community Planning & Development,6318,2020,1104,1065,39,408.39444444444445,1730.204388888889,0.054460093896713614,0.2948356807511737,312.73805555555555,1249.4391666666668,0.8088768115942029,false
Trash in Yard Violation,Neighborhood Inspection,Community Planning & Development,6318,2021,1007,969,38,451.2416666666667,1976.301333333334,0.022703818369453045,0.2930856553147575,312.73805555555555,1249.4391666666668,0.8053624627606752,false
Trash in Yard Violation,Neighborhood Inspection,Community Planning & Development,6318,2022,923,849,74,433.0186111111111,1735.1549444444458,0.04240282685512368,0.30742049469964666,312.73805555555555,1249.4391666666668,0.771397616468039,false
Trash in Yard Violation,Neighborhood Inspection,Community Planning & Development,6318,2023,877,395,482,192.39527777777778,1028.7046666666672,0.12658227848101267,0.1949367088607595,312.73805555555555,1249.4391666666668,0.41733181299885974,true
Trash in Yard Violation,Neighborhood Inspection,Community Planning & Development,6318,2024,832,113,719,1.675,52.5755,0.4336283185840708,0.0,312.73805555555555,1249.4391666666668,0.13581730769230768,true
Trash in Yard Violation,Neighborhood Inspection,Community Planning & Development,6318,2025,1061,977,84,646.2883333333333,2165.223111111111,0.03480040941658137,0.45445240532241554,312.73805555555555,1249.4391666666668,0.6880301602262017,true
Barking Dog,Animals,Public Health & Environment,5543,2019,600,93,507,0.35055555555555556,23.105944444444436,0.6666666666666666,0.0,0.35055555555555556,23.105944444444436,0.13833333333333334,true
Barking Dog,Animals,Public Health & Environment,5543,2020,1081,170,911,1.4965277777777777,46.491388888888885,0.45294117647058824,0.0,0.35055555555555556,23.105944444444436,0.12488436632747456,true
Barking Dog,Animals,Public Health & Environment,5543,2021,872,118,754,13.825972222222223,92.981,0.2966101694915254,0.0,0.35055555555555556,23.105944444444436,0.07912844036697247,true
Barking Dog,Animals,Public Health & Environment,5543,2022,730,89,641,26.299444444444443,140.7634444444445,0.12359550561797752,0.0,0.35055555555555556,23.105944444444436,0.0547945205479452,true
Barking Dog,Animals,Public Health & Environment,5543,2023,777,630,147,26.180972222222223,111.37805555555559,0.06349206349206349,0.004761904761904762,0.35055555555555556,23.105944444444436,0.3487773487773488,false
Barking Dog,Animals,Public Health & Environment,5543,2024,758,757,1,75.66305555555556,214.5227222222222,0.017173051519154558,0.005284015852047556,0.35055555555555556,23.105944444444436,0.19788918205804748,false
Barking Dog,Animals,Public Health & Environment,5543,2025,725,719,6,27.400277777777777,145.28400000000005,0.07510431154381085,0.0027816411682892906,0.35055555555555556,23.105944444444436,0.4206896551724138,false
Zoning Business License Inspection,Neighborhood Inspection,Community Planning & Development,5107,2019,335,335,0,2.0861111111111112,21.135944444444448,0.2835820895522388,0.0,2.0861111111111112,21.135944444444448,0.8985074626865671,false
Zoning Business License Inspection,Neighborhood Inspection,Community Planning & Development,5107,2020,524,524,0,3.0526388888888887,28.08186111111111,0.22709923664122136,0.0,2.0861111111111112,21.135944444444448,0.7958015267175572,false
Zoning Business License Inspection,Neighborhood Inspection,Community Planning & Development,5107,2021,696,694,2,1.4425,19.89216666666667,0.42939481268011526,0.0,2.0861111111111112,21.135944444444448,0.9224137931034483,false
Zoning Business License Inspection,Neighborhood Inspection,Community Planning & Development,5107,2022,679,679,0,1.0972222222222223,18.53750000000001,0.4845360824742268,0.0,2.0861111111111112,21.135944444444448,0.9337260677466863,false
Zoning Business License Inspection,Neighborhood Inspection,Community Planning & Development,5107,2023,814,814,0,0.7309722222222222,16.07319444444445,0.5773955773955773,0.0012285012285012285,2.0861111111111112,21.135944444444448,0.9656019656019657,false
Zoning Business License Inspection,Neighborhood Inspection,Community Planning & Development,5107,2024,973,966,7,0.66125,15.641388888888889,0.5952380952380952,0.0,2.0861111111111112,21.135944444444448,0.9403905447070915,false
Zoning Business License Inspection,Neighborhood Inspection,Community Planning & Development,5107,2025,1086,1081,5,0.6897222222222222,16.144444444444446,0.5874190564292322,0.0009250693802035153,2.0861111111111112,21.135944444444448,0.9410681399631676,false
Online Process / Application,Licensing & Permits,Excise & License,4945,2019,684,683,1,48.12833333333333,234.42105555555557,0.1273792093704246,0.0,48.12833333333333,234.42105555555557,0.8976608187134503,false
Online Process / Application,Licensing & Permits,Excise & License,4945,2020,1012,1012,0,117.74472222222222,626.7501944444444,0.07707509881422925,0.06620553359683795,48.12833333333333,234.42105555555557,0.650197628458498,false
Online Process / Application,Licensing & Permits,Excise & License,4945,2021,875,874,1,169.9295833333333,460.30125000000004,0.05377574370709382,0.020594965675057208,48.12833333333333,234.42105555555557,0.6628571428571428,false
Online Process / Application,Licensing & Permits,Excise & License,4945,2022,820,820,0,148.8415277777778,526.9199444444445,0.04390243902439024,0.018292682926829267,48.12833333333333,234.42105555555557,0.6926829268292682,false
Online Process / Application,Licensing & Permits,Excise & License,4945,2023,828,827,1,123.19916666666667,423.5489444444443,0.04232164449818621,0.020556227327690448,48.12833333333333,234.42105555555557,0.7318840579710145,false
Online Process / Application,Licensing & Permits,Excise & License,4945,2024,523,522,1,115.695,358.4031666666667,0.028735632183908046,0.0210727969348659,48.12833333333333,234.42105555555557,0.7724665391969407,false
Online Process / Application,Licensing & Permits,Excise & License,4945,2025,203,203,0,48.23638888888889,193.08350000000007,0.04926108374384237,0.019704433497536946,48.12833333333333,234.42105555555557,0.9113300492610837,false
DPD - Non Emergency/ General Info,Public Safety (non-emergency),311,4362,2019,394,394,0,23.944444444444443,56.76883333333331,0.07360406091370558,0.0,23.944444444444443,56.76883333333331,0.8984771573604061,false
DPD - Non Emergency/ General Info,Public Safety (non-emergency),311,4362,2020,394,394,0,23.66166666666667,70.90738888888887,0.07106598984771574,0.0025380710659898475,23.944444444444443,56.76883333333331,0.8096446700507615,false
DPD - Non Emergency/ General Info,Public Safety (non-emergency),311,4362,2021,256,256,0,44.07208333333333,91.15791666666667,0.08203125,0.0,23.944444444444443,56.76883333333331,0.65234375,false
DPD - Non Emergency/ General Info,Public Safety (non-emergency),311,4362,2022,945,944,1,45.79222222222222,114.24380555555555,0.05614406779661017,0.0,23.944444444444443,56.76883333333331,0.6158730158730159,false
DPD - Non Emergency/ General Info,Public Safety (non-emergency),311,4362,2023,1055,1055,0,20.209722222222222,85.10472222222222,0.13270142180094788,0.0009478672985781991,23.944444444444443,56.76883333333331,0.8085308056872038,false
DPD - Non Emergency/ General Info,Public Safety (non-emergency),311,4362,2024,843,841,2,19.560833333333335,55.62361111111111,0.08442330558858502,0.0011890606420927466,23.944444444444443,56.76883333333331,0.8979833926453143,false
DPD - Non Emergency/ General Info,Public Safety (non-emergency),311,4362,2025,475,475,0,25.823055555555555,73.74066666666667,0.06526315789473684,0.0,23.944444444444443,56.76883333333331,0.8042105263157895,false
Callback Request,Public Health & Noise,Public Health & Environment,4194,2019,724,710,14,18.027638888888887,254.56388888888898,0.23098591549295774,0.028169014084507043,18.027638888888887,254.56388888888898,0.8825966850828729,false
Callback Request,Public Health & Noise,Public Health & Environment,4194,2020,972,959,13,27.4775,344.4999444444448,0.11678832116788321,0.047966631908237745,18.027638888888887,254.56388888888898,0.8425925925925926,false
Callback Request,Public Health & Noise,Public Health & Environment,4194,2021,864,836,28,45.12916666666666,716.5797222222222,0.12440191387559808,0.10047846889952153,18.027638888888887,254.56388888888898,0.75,false
Callback Request,Public Health & Noise,Public Health & Environment,4194,2022,634,604,30,37.904583333333335,628.9703055555567,0.14403973509933773,0.08940397350993377,18.027638888888887,254.56388888888898,0.7665615141955836,false
Callback Request,Public Health & Noise,Public Health & Environment,4194,2023,421,394,27,21.18861111111111,558.0432222222216,0.23096446700507614,0.08121827411167512,18.027638888888887,254.56388888888898,0.7814726840855107,false
Callback Request,Public Health & Noise,Public Health & Environment,4194,2024,317,307,10,3.1566666666666667,315.0716666666676,0.2996742671009772,0.06514657980456026,18.027638888888887,254.56388888888898,0.8643533123028391,false
Callback Request,Public Health & Noise,Public Health & Environment,4194,2025,262,247,15,2.6277777777777778,117.69244444444445,0.32793522267206476,0.020242914979757085,18.027638888888887,254.56388888888898,0.8854961832061069,false
Signal Hazard (Traffic),Streets & Traffic,Public Works,4148,2019,808,808,0,13.158055555555556,186.69188888888897,0.3353960396039604,0.012376237623762377,13.158055555555556,186.69188888888897,0.8997524752475248,false
Signal Hazard (Traffic),Streets & Traffic,Public Works,4148,2020,433,433,0,13.952777777777778,151.0283333333334,0.37644341801385683,0.009237875288683603,13.158055555555556,186.69188888888897,0.9099307159353349,false
Signal Hazard (Traffic),Streets & Traffic,Public Works,4148,2021,382,382,0,20.655972222222225,150.0447222222224,0.24345549738219896,0.013089005235602094,13.158055555555556,186.69188888888897,0.9345549738219895,false
Signal Hazard (Traffic),Streets & Traffic,Public Works,4148,2022,622,622,0,64.15333333333334,236.14699999999965,0.14469453376205788,0.03215434083601286,13.158055555555556,186.69188888888897,0.8665594855305466,false
Signal Hazard (Traffic),Streets & Traffic,Public Works,4148,2023,551,550,1,43.38263888888889,231.9447222222223,0.2018181818181818,0.02909090909090909,13.158055555555556,186.69188888888897,0.8711433756805808,false
Signal Hazard (Traffic),Streets & Traffic,Public Works,4148,2024,689,676,13,46.211666666666666,2974.3044444444445,0.16568047337278108,0.1863905325443787,13.158055555555556,186.69188888888897,0.7271407837445574,false
Signal Hazard (Traffic),Streets & Traffic,Public Works,4148,2025,663,652,11,19.594444444444445,97.10386111111109,0.26993865030674846,0.010736196319018405,13.158055555555556,186.69188888888897,0.9396681749622926,false
Inspection Request,Neighborhood Inspection,Community Planning & Development,4072,2019,1120,1120,0,2.0183333333333335,20.319222222222223,0.32321428571428573,0.0008928571428571428,2.0183333333333335,20.319222222222223,0.9,false
Inspection Request,Neighborhood Inspection,Community Planning & Development,4072,2020,1438,1437,1,2.5391666666666666,26.1207777777778,0.27905358385525403,0.0006958942240779402,2.0183333333333335,20.319222222222223,0.8025034770514604,false
Inspection Request,Neighborhood Inspection,Community Planning & Development,4072,2021,734,733,1,1.3391666666666666,20.801722222222224,0.4311050477489768,0.0,2.0183333333333335,20.319222222222223,0.8923705722070845,false
Inspection Request,Neighborhood Inspection,Community Planning & Development,4072,2022,359,354,5,1.2083333333333335,18.287916666666664,0.4491525423728814,0.0,2.0183333333333335,20.319222222222223,0.9025069637883009,false
Inspection Request,Neighborhood Inspection,Community Planning & Development,4072,2023,262,260,2,1.111527777777778,19.77133333333333,0.46923076923076923,0.0,2.0183333333333335,20.319222222222223,0.9007633587786259,false
Inspection Request,Neighborhood Inspection,Community Planning & Development,4072,2024,116,116,0,0.9938888888888888,47.15986111111111,0.5,0.0,2.0183333333333335,20.319222222222223,0.7758620689655172,false
Inspection Request,Neighborhood Inspection,Community Planning & Development,4072,2025,43,43,0,1.2144444444444444,39.748555555555626,0.3488372093023256,0.0,2.0183333333333335,20.319222222222223,0.813953488372093,false
EXL - Inspection Request,Neighborhood Inspection,Excise & License,3899,2019,910,909,1,39.75666666666667,121.21866666666669,0.07700770077007701,0.0022002200220022,39.75666666666667,121.21866666666669,0.8989010989010989,false
EXL - Inspection Request,Neighborhood Inspection,Excise & License,3899,2020,577,576,1,22.987222222222222,97.75736111111112,0.09375,0.001736111111111111,39.75666666666667,121.21866666666669,0.9393414211438474,false
EXL - Inspection Request,Neighborhood Inspection,Excise & License,3899,2021,528,527,1,38.975833333333334,142.5315555555556,0.07210626185958255,0.003795066413662239,39.75666666666667,121.21866666666669,0.8863636363636364,false
EXL - Inspection Request,Neighborhood Inspection,Excise & License,3899,2022,436,434,2,26.699305555555554,118.001,0.08294930875576037,0.0,39.75666666666667,121.21866666666669,0.9151376146788991,false
EXL - Inspection Request,Neighborhood Inspection,Excise & License,3899,2023,467,465,2,25.195833333333333,116.20733333333334,0.07311827956989247,0.002150537634408602,39.75666666666667,121.21866666666669,0.9122055674518201,false
EXL - Inspection Request,Neighborhood Inspection,Excise & License,3899,2024,496,496,0,26.46611111111111,122.68902777777777,0.07661290322580645,0.0,39.75666666666667,121.21866666666669,0.8891129032258065,false
EXL - Inspection Request,Neighborhood Inspection,Excise & License,3899,2025,485,481,4,27.54111111111111,144.03222222222223,0.079002079002079,0.002079002079002079,39.75666666666667,121.21866666666669,0.845360824742268,false
Damaged/Fallen Tree,Parks & Trees,Parks & Recreation,3826,2019,405,405,0,88.64611111111111,549.4523333333334,0.14074074074074075,0.07654320987654321,88.64611111111111,549.4523333333334,0.8987654320987655,false
Damaged/Fallen Tree,Parks & Trees,Parks & Recreation,3826,2020,539,538,1,61.867222222222225,330.6081388888889,0.03531598513011153,0.04275092936802974,88.64611111111111,549.4523333333334,0.9499072356215214,false
Damaged/Fallen Tree,Parks & Trees,Parks & Recreation,3826,2021,603,597,6,53.178333333333335,342.1898333333333,0.19765494137353434,0.05025125628140704,88.64611111111111,549.4523333333334,0.9270315091210614,false
Damaged/Fallen Tree,Parks & Trees,Parks & Recreation,3826,2022,666,662,4,55.122083333333336,523.1042222222221,0.07250755287009064,0.061933534743202415,88.64611111111111,549.4523333333334,0.8993993993993994,false
Damaged/Fallen Tree,Parks & Trees,Parks & Recreation,3826,2023,482,470,12,43.82208333333334,260.4222777777779,0.06595744680851064,0.029787234042553193,88.64611111111111,549.4523333333334,0.9315352697095436,false
Damaged/Fallen Tree,Parks & Trees,Parks & Recreation,3826,2024,712,710,2,24.918194444444445,188.05875,0.2028169014084507,0.022535211267605635,88.64611111111111,549.4523333333334,0.9719101123595506,false
Damaged/Fallen Tree,Parks & Trees,Parks & Recreation,3826,2025,419,408,11,45.821666666666665,281.2345833333333,0.07352941176470588,0.004901960784313725,88.64611111111111,549.4523333333334,0.954653937947494,false
Signal Timing,Streets & Traffic,Public Works,3822,2019,368,347,21,19.599444444444444,216.11888888888896,0.13256484149855907,0.0345821325648415,19.599444444444444,216.11888888888896,0.8478260869565217,false
Signal Timing,Streets & Traffic,Public Works,3822,2020,388,377,11,44.320277777777775,2164.2881666666694,0.09814323607427056,0.14588859416445624,19.599444444444444,216.11888888888896,0.7654639175257731,false
Signal Timing,Streets & Traffic,Public Works,3822,2021,545,545,0,119.88083333333333,3021.9556111111115,0.027522935779816515,0.22935779816513763,19.599444444444444,216.11888888888896,0.6256880733944954,false
Signal Timing,Streets & Traffic,Public Works,3822,2022,628,626,2,194.71472222222224,1788.6795833333333,0.01757188498402556,0.26198083067092653,19.599444444444444,216.11888888888896,0.5159235668789809,false
Signal Timing,Streets & Traffic,Public Works,3822,2023,665,608,57,95.15458333333333,1448.1234722222239,0.06578947368421052,0.17269736842105263,19.599444444444444,216.11888888888896,0.6601503759398496,false
Signal Timing,Streets & Traffic,Public Works,3822,2024,625,495,130,644.4166666666666,5430.321666666668,0.03232323232323232,0.4888888888888889,19.599444444444444,216.11888888888896,0.352,true
Signal Timing,Streets & Traffic,Public Works,3822,2025,603,513,90,91.44722222222222,2100.997555555556,0.0682261208576998,0.1949317738791423,19.599444444444444,216.11888888888896,0.5804311774461028,false
Inquiry,General Information,Public Works,3776,2019,144,138,6,65.17625000000001,816.1654166666667,0.2463768115942029,0.10869565217391304,65.17625000000001,816.1654166666667,0.8611111111111112,false
Inquiry,General Information,Public Works,3776,2020,520,486,34,190.3225,1257.2365277777778,0.05761316872427984,0.18518518518518517,65.17625000000001,816.1654166666667,0.775,false
Inquiry,General Information,Public Works,3776,2021,771,691,80,591.2094444444444,5061.205,0.02170767004341534,0.4602026049204052,65.17625000000001,816.1654166666667,0.5071335927367056,false
Inquiry,General Information,Public Works,3776,2022,826,779,47,457.9738888888889,4691.646166666667,0.04236200256739409,0.40949935815147626,65.17625000000001,816.1654166666667,0.5690072639225182,false
Inquiry,General Information,Public Works,3776,2023,594,590,4,329.48569444444445,3047.7330833333335,0.05593220338983051,0.3694915254237288,65.17625000000001,816.1654166666667,0.6363636363636364,false
Inquiry,General Information,Public Works,3776,2024,468,460,8,140.31416666666667,858.8836111111111,0.1,0.1282608695652174,65.17625000000001,816.1654166666667,0.8782051282051282,false
Inquiry,General Information,Public Works,3776,2025,453,375,78,111.66222222222223,1057.7145555555567,0.128,0.15466666666666667,65.17625000000001,816.1654166666667,0.7108167770419426,false
Transportation Signal Maintenance,Streets & Traffic,Public Works,3604,2019,51,50,1,40.74736111111111,162.21030555555555,0.08,0.0,40.74736111111111,162.21030555555555,0.8823529411764706,false
Transportation Signal Maintenance,Streets & Traffic,Public Works,3604,2020,434,431,3,69.42527777777778,426.6097222222222,0.05104408352668213,0.04176334106728538,40.74736111111111,162.21030555555555,0.7396313364055299,false
Transportation Signal Maintenance,Streets & Traffic,Public Works,3604,2021,659,658,1,92.13388888888889,311.6333055555558,0.041033434650455926,0.0486322188449848,40.74736111111111,162.21030555555555,0.7617602427921093,false
Transportation Signal Maintenance,Streets & Traffic,Public Works,3604,2022,654,654,0,131.27499999999998,618.2165277777779,0.04892966360856269,0.07492354740061162,40.74736111111111,162.21030555555555,0.6039755351681957,false
Transportation Signal Maintenance,Streets & Traffic,Public Works,3604,2023,668,660,8,69.82861111111112,325.14975,0.06818181818181818,0.03939393939393939,40.74736111111111,162.21030555555555,0.7709580838323353,false
Transportation Signal Maintenance,Streets & Traffic,Public Works,3604,2024,676,646,30,88.3225,3455.503055555556,0.07894736842105263,0.28173374613003094,40.74736111111111,162.21030555555555,0.5754437869822485,false
Transportation Signal Maintenance,Streets & Traffic,Public Works,3604,2025,462,440,22,14.299166666666668,141.8602777777778,0.34545454545454546,0.025,40.74736111111111,162.21030555555555,0.8722943722943723,false
