request_type,year,requests,app_share,phone_share
Barking Dog,2019,600,0.13666666666666666,0.8616666666666667
Barking Dog,2020,1081,0.1683626271970398,0.8270120259019427
Barking Dog,2021,872,0.20527522935779816,0.7912844036697247
Barking Dog,2022,730,0.2726027397260274,0.726027397260274
Barking Dog,2023,777,0.32175032175032175,0.6666666666666666
Barking Dog,2024,758,0.3562005277044855,0.6345646437994723
Barking Dog,2025,725,0.43724137931034485,0.52
Callback Request,2019,724,0.049723756906077346,0.9350828729281768
Callback Request,2020,972,0.09465020576131687,0.8919753086419753
Callback Request,2021,864,0.17708333333333334,0.8055555555555556
Callback Request,2022,634,0.08675078864353312,0.8990536277602523
Callback Request,2023,421,0.0332541567695962,0.9596199524940617
Callback Request,2024,317,0.00946372239747634,0.9873817034700315
Callback Request,2025,262,0.04961832061068702,0.9427480916030534
DPD - Non Emergency/ General Info,2019,394,0.934010152284264,0.06598984771573604
DPD - Non Emergency/ General Info,2020,394,0.9137055837563451,0.08375634517766498
DPD - Non Emergency/ General Info,2021,256,0.90234375,0.07421875
DPD - Non Emergency/ General Info,2022,945,0.9809523809523809,0.01798941798941799
DPD - Non Emergency/ General Info,2023,1055,0.9289099526066351,0.07014218009478673
DPD - Non Emergency/ General Info,2024,843,0.9572953736654805,0.018979833926453145
DPD - Non Emergency/ General Info,2025,475,0.9557894736842105,0.018947368421052633
Damaged/Fallen Tree,2019,405,0.5382716049382716,0.45925925925925926
Damaged/Fallen Tree,2020,539,0.614100185528757,0.38589981447124305
Damaged/Fallen Tree,2021,603,0.4975124378109453,0.49585406301824214
Damaged/Fallen Tree,2022,666,0.6261261261261262,0.3738738738738739
Damaged/Fallen Tree,2023,482,0.6473029045643154,0.34647302904564314
Damaged/Fallen Tree,2024,712,0.5491573033707865,0.41853932584269665
Damaged/Fallen Tree,2025,419,0.5727923627684964,0.37708830548926014
EXL - Inspection Request,2019,910,0.0,1.0
EXL - Inspection Request,2020,577,0.0,0.9913344887348353
EXL - Inspection Request,2021,528,0.0,0.990530303030303
EXL - Inspection Request,2022,436,0.0,0.9954128440366973
EXL - Inspection Request,2023,467,0.0,0.9957173447537473
EXL - Inspection Request,2024,496,0.0,0.9778225806451613
EXL - Inspection Request,2025,485,0.0,0.9938144329896907
Illegal Parking,2019,116,1.0,0.0
Illegal Parking,2020,33,1.0,0.0
Illegal Parking,2021,47,1.0,0.0
Illegal Parking,2022,69,1.0,0.0
Illegal Parking,2023,2846,1.0,0.0
Illegal Parking,2024,2344,1.0,0.0
Illegal Parking,2025,2357,1.0,0.0
Inquiry,2019,144,0.13194444444444445,0.8680555555555556
Inquiry,2020,520,0.3173076923076923,0.6653846153846154
Inquiry,2021,771,0.3424124513618677,0.642023346303502
Inquiry,2022,826,0.30024213075060535,0.6912832929782082
Inquiry,2023,594,0.1936026936026936,0.7929292929292929
Inquiry,2024,468,0.1346153846153846,0.8397435897435898
Inquiry,2025,453,0.12582781456953643,0.8565121412803532
Inspection,2019,416,0.41586538461538464,0.5841346153846154
Inspection,2020,775,0.3496774193548387,0.6374193548387097
Inspection,2021,802,0.4451371571072319,0.5448877805486284
Inspection,2022,1136,0.5686619718309859,0.41813380281690143
Inspection,2023,1002,0.5289421157684631,0.4421157684630739
Inspection,2024,1100,0.5490909090909091,0.38727272727272727
Inspection,2025,1576,0.5558375634517766,0.3730964467005076
Inspection Request,2019,1120,0.0017857142857142857,0.9982142857142857
Inspection Request,2020,1438,0.0006954102920723226,0.997913769123783
Inspection Request,2021,734,0.004087193460490463,0.9945504087193461
Inspection Request,2022,359,0.0,0.9944289693593314
Inspection Request,2023,262,0.0,0.9961832061068703
Inspection Request,2024,116,0.0,1.0
Inspection Request,2025,43,0.0,1.0
More Information Requested,2019,2988,0.02175368139223561,0.9762382864792504
More Information Requested,2020,1255,0.05179282868525897,0.9474103585657371
More Information Requested,2021,1305,0.07049808429118774,0.9279693486590038
More Information Requested,2022,2152,0.06505576208178439,0.9330855018587361
More Information Requested,2023,550,0.05272727272727273,0.9418181818181818
More Information Requested,2024,241,0.02074688796680498,0.9543568464730291
More Information Requested,2025,241,0.04564315352697095,0.9377593360995851
New Business License,2019,149,0.006711409395973154,0.8322147651006712
New Business License,2020,1247,0.022453889334402566,0.5813953488372093
New Business License,2021,1154,0.029462738301559793,0.6421143847487002
New Business License,2022,1198,0.035058430717863104,0.5759599332220368
New Business License,2023,1900,0.007894736842105263,0.5705263157894737
New Business License,2024,1648,0.0018203883495145632,0.48847087378640774
New Business License,2025,946,0.0021141649048625794,0.46511627906976744
Online Process / Application,2019,684,0.017543859649122806,0.935672514619883
Online Process / Application,2020,1012,0.017786561264822136,0.8656126482213439
Online Process / Application,2021,875,0.019428571428571427,0.8765714285714286
Online Process / Application,2022,820,0.04878048780487805,0.725609756097561
Online Process / Application,2023,828,0.014492753623188406,0.5748792270531401
Online Process / Application,2024,523,0.0057361376673040155,0.6653919694072657
Online Process / Application,2025,203,0.0049261083743842365,0.7783251231527094
Other,2019,2862,0.1928721174004193,0.7994409503843466
Other,2020,2398,0.14345287739783152,0.8469557964970809
Other,2021,2038,0.2296368989205103,0.7566241413150148
Other,2022,2395,0.38789144050104385,0.6029227557411273
Other,2023,3360,0.4907738095238095,0.49970238095238095
Other,2024,2503,0.34159009188973233,0.620455453455853
Other,2025,2658,0.3333333333333333,0.63732129420617
Pothole,2019,3667,0.6506681210799018,0.34824106899372786
Pothole,2020,5180,0.3036679536679537,0.6934362934362934
Pothole,2021,4158,0.32491582491582494,0.670995670995671
Pothole,2022,3981,0.3506656618939965,0.6448128610901783
Pothole,2023,4340,0.4986175115207373,0.49746543778801844
Pothole,2024,3080,0.612012987012987,0.3762987012987013
Pothole,2025,2387,0.618349392542941,0.35902806870548803
Public Health Business License Inspection,2019,563,0.0,1.0
Public Health Business License Inspection,2020,999,0.0,0.992992992992993
Public Health Business License Inspection,2021,1039,0.0019249278152069298,0.9951876804619827
Public Health Business License Inspection,2022,1014,0.0009861932938856016,0.995069033530572
Public Health Business License Inspection,2023,1080,0.000925925925925926,0.9981481481481481
Public Health Business License Inspection,2024,1025,0.0,0.9990243902439024
Public Health Business License Inspection,2025,1051,0.0,0.9971455756422455
ROWE - 72 Hour Enforcement,2019,1544,0.2623056994818653,0.7331606217616581
ROWE - 72 Hour Enforcement,2020,996,0.285140562248996,0.7018072289156626
ROWE - 72 Hour Enforcement,2021,1168,0.21404109589041095,0.7705479452054794
ROWE - 72 Hour Enforcement,2022,1780,0.3112359550561798,0.6831460674157304
ROWE - 72 Hour Enforcement,2023,1759,0.3672541216600341,0.6196702671972711
ROWE - 72 Hour Enforcement,2024,138,0.32608695652173914,0.6666666666666666
ROWE - 72 Hour Enforcement,2025,114,0.6754385964912281,0.3157894736842105
Renewal Business License,2019,162,0.006172839506172839,0.9259259259259259
Renewal Business License,2020,1971,0.0076103500761035,0.6306443429731101
Renewal Business License,2021,1588,0.0069269521410579345,0.6057934508816121
Renewal Business License,2022,1066,0.012195121951219513,0.6763602251407129
Renewal Business License,2023,1382,0.005788712011577424,0.6425470332850941
Renewal Business License,2024,1390,0.0007194244604316547,0.6258992805755396
Renewal Business License,2025,873,0.0,0.5876288659793815
Signal Hazard (Traffic),2019,808,0.0952970297029703,0.9034653465346535
Signal Hazard (Traffic),2020,433,0.08775981524249422,0.9076212471131639
Signal Hazard (Traffic),2021,382,0.07591623036649214,0.9240837696335078
Signal Hazard (Traffic),2022,622,0.342443729903537,0.6463022508038585
Signal Hazard (Traffic),2023,551,0.455535390199637,0.542649727767695
Signal Hazard (Traffic),2024,689,0.4702467343976778,0.5283018867924528
Signal Hazard (Traffic),2025,663,0.5294117647058824,0.4645550527903469
Signal Timing,2019,368,0.2554347826086957,0.7282608695652174
Signal Timing,2020,388,0.3556701030927835,0.6237113402061856
Signal Timing,2021,545,0.47706422018348627,0.5119266055045871
Signal Timing,2022,628,0.49363057324840764,0.5031847133757962
Signal Timing,2023,665,0.44511278195488724,0.5383458646616541
Signal Timing,2024,625,0.552,0.4416
Signal Timing,2025,603,0.5290215588723052,0.46434494195688225
Snow Removal Complaint/Sidewalk,2019,2784,0.6073994252873564,0.3900862068965517
Snow Removal Complaint/Sidewalk,2020,4666,0.6352336048006858,0.33883411915988
Snow Removal Complaint/Sidewalk,2021,1999,0.608304152076038,0.3551775887943972
Snow Removal Complaint/Sidewalk,2022,5050,0.7671287128712871,0.22356435643564357
Snow Removal Complaint/Sidewalk,2023,5994,0.7872872872872873,0.19185852519185853
Snow Removal Complaint/Sidewalk,2024,2161,0.7672373900971773,0.1989819527996298
Snow Removal Complaint/Sidewalk,2025,2728,0.8372434017595308,0.14222873900293256
Transportation Sign Maintenance,2019,138,0.36231884057971014,0.6304347826086957
Transportation Sign Maintenance,2020,1004,0.37250996015936255,0.5776892430278885
Transportation Sign Maintenance,2021,1142,0.4500875656742557,0.5350262697022767
Transportation Sign Maintenance,2022,1432,0.5041899441340782,0.48743016759776536
Transportation Sign Maintenance,2023,1212,0.49422442244224424,0.49504950495049505
Transportation Sign Maintenance,2024,1382,0.5665701881331404,0.42257597684515197
Transportation Sign Maintenance,2025,1150,0.5104347826086957,0.4817391304347826
Transportation Signal Maintenance,2019,51,0.27450980392156865,0.7254901960784313
Transportation Signal Maintenance,2020,434,0.532258064516129,0.4608294930875576
Transportation Signal Maintenance,2021,659,0.5584218512898331,0.4294385432473445
Transportation Signal Maintenance,2022,654,0.5504587155963303,0.4418960244648318
Transportation Signal Maintenance,2023,668,0.48502994011976047,0.5014970059880239
Transportation Signal Maintenance,2024,676,0.35650887573964496,0.636094674556213
Transportation Signal Maintenance,2025,462,0.22943722943722944,0.7662337662337663
Trash in Yard Violation,2019,514,0.3346303501945525,0.6653696498054474
Trash in Yard Violation,2020,1104,0.38768115942028986,0.6077898550724637
Trash in Yard Violation,2021,1007,0.33068520357497516,0.6613704071499503
Trash in Yard Violation,2022,923,0.40736728060671723,0.5839653304442037
Trash in Yard Violation,2023,877,0.4047890535917902,0.5883694412770809
Trash in Yard Violation,2024,832,0.4170673076923077,0.5709134615384616
Trash in Yard Violation,2025,1061,0.5617342130065975,0.4344957587181904
Weeds/Vegetation Violation,2019,1591,0.4776869893148963,0.5172847265870522
Weeds/Vegetation Violation,2020,2169,0.5564776394651914,0.4223144306131858
Weeds/Vegetation Violation,2021,4227,0.5916725810267329,0.40170333569907735
Weeds/Vegetation Violation,2022,3916,0.6739019407558733,0.31511746680286007
Weeds/Vegetation Violation,2023,4911,0.6687029118305844,0.31398900427611487
Weeds/Vegetation Violation,2024,3458,0.70213996529786,0.27125506072874495
Weeds/Vegetation Violation,2025,3903,0.740968485780169,0.23545990263899563
Zoning Business License Inspection,2019,335,0.0,1.0
Zoning Business License Inspection,2020,524,0.0,0.9942748091603053
Zoning Business License Inspection,2021,696,0.0014367816091954023,0.9971264367816092
Zoning Business License Inspection,2022,679,0.0014727540500736377,0.9941089837997055
Zoning Business License Inspection,2023,814,0.0,1.0
Zoning Business License Inspection,2024,973,0.0,0.9979445015416238
Zoning Business License Inspection,2025,1086,0.0,0.9953959484346224
