request_type,request_category,agency,requests_total,p50_days,p90_days,share_closed_within_1h,share_closed_after_30d,share_open_in_file
Inspection,Neighborhood Inspection,Public Works,6807,15.854618055555555,141.42062268518524,0.005904183535762483,0.35458839406207826,0.12913177611282503
Inquiry,General Information,Public Works,3776,11.884050925925926,135.13335416666683,0.06734867860187553,0.30605285592497866,0.0680614406779661
Signal Timing,Streets & Traffic,Public Works,3822,4.3282638888888885,110.7648611111111,0.05696382796923953,0.22870976929649672,0.08137100994243851
Snow Removal Complaint/Sidewalk,Neighborhood Inspection,Community Planning & Development,25382,5.005960648148148,72.77103819444443,0.01529653815189194,0.15162357992664818,0.11913954771097628
Trash in Yard Violation,Neighborhood Inspection,Community Planning & Development,6318,18.074710648148148,72.09117824074073,0.055011460720983535,0.30923108981037717,0.24042418486862932
Transportation Sign Maintenance,Streets & Traffic,Public Works,7460,6.889849537037037,59.489821759259144,0.041914510997371694,0.1585281505049108,0.03096514745308311
Illegal Parking,Parking & Vehicles,Public Works,7812,0.5410532407407408,48.673657407407404,0.31791672317916725,0.13183236131832363,0.05619559651817716
Weeds/Vegetation Violation,Neighborhood Inspection,Community Planning & Development,24175,19.162499999999998,48.19144907407408,0.032500447253861295,0.2524300793130181,0.30634953464322645
Other,General Information,Public Works,18214,2.040023148148148,35.25246527777778,0.1520994773833123,0.1115516309244909,0.08603272208191501
Transportation Signal Maintenance,Streets & Traffic,Public Works,3604,3.13849537037037,26.495513888888937,0.09409437694263917,0.08985589149477254,0.018035516093229745
ROWE - 72 Hour Enforcement,Parking & Vehicles,Public Works,7499,0.7212615740740741,23.976442129629632,0.23622782446311857,0.06029078297985861,0.00026670222696359517
Renewal Business License,Licensing & Permits,Excise & License,8432,5.750173611111111,21.792494212962964,0.06200810875268304,0.04972573336513236,0.005455407969639468
New Business License,Licensing & Permits,Excise & License,8242,5.86945601851852,20.930673611111114,0.048119198827552515,0.0449438202247191,0.006551807813637467
Callback Request,Public Health & Noise,Public Health & Environment,4194,0.9486921296296296,18.83383101851852,0.18018240078876016,0.06433325117081587,0.03266571292322365
Online Process / Application,Licensing & Permits,Excise & License,4945,4.882199074074074,18.146342592592593,0.062335559603319164,0.02671523982999393,0.0008088978766430738
Damaged/Fallen Tree,Parks & Trees,Parks & Recreation,3826,1.968275462962963,13.96076388888889,0.11794195250659631,0.04142480211081794,0.009409304756926294
Signal Hazard (Traffic),Streets & Traffic,Public Works,4148,0.9238425925925925,9.06135416666667,0.24642250788260975,0.04559786563182149,0.006027000964320154
Pothole,Streets & Traffic,Public Works,26793,1.0262962962962963,7.641261574074075,0.23215154805136462,0.006813672269851372,0.0030605008770947634
Barking Dog,Animals,Public Health & Environment,5543,1.23703125,6.8995543981481475,0.11335403726708075,0.0034937888198757765,0.5352697095435685
EXL - Inspection Request,Neighborhood Inspection,Excise & License,3899,1.1128761574074073,5.036946759259259,0.07921810699588477,0.001800411522633745,0.0028212362144139523
DPD - Non Emergency/ General Info,Public Safety (non-emergency),311,4362,1.026574074074074,3.5662638888888902,0.08557008488185364,0.0006882312456985547,0.000687757909215956
More Information Requested,General Information,Public Health & Environment,8732,0.6398437499999999,2.1697187500000004,0.16735537190082644,0.0003443526170798898,0.0022904260192395786
Public Health Business License Inspection,Neighborhood Inspection,Public Health & Environment,6771,0.07015625,1.9389131944444449,0.37007407407407406,0.001925925925925926,0.0031014621178555605
Inspection Request,Neighborhood Inspection,Community Planning & Development,4072,0.07893518518518518,0.9497986111111111,0.3526950529165641,0.0004922471080482402,0.0022102161100196463
Zoning Business License Inspection,Neighborhood Inspection,Community Planning & Development,5107,0.042673611111111114,0.792576388888889,0.4949931278225015,0.00039269585705870805,0.0027413354219698455
